Round,Accuracy,Loss,Precision,Recall,F1-Score,Communication_Cost,Class_0_Accuracy,Class_1_Accuracy,Class_2_Accuracy,Class_3_Accuracy,Class_4_Accuracy,Class_5_Accuracy,Class_6_Accuracy,Class_7_Accuracy,Class_8_Accuracy,Class_9_Accuracy,Confusion_Matrix
1,18.92,2.168128094353234,0.11508899099269294,0.2005418969269829,0.08579669579991304,4007432,0.0,0.0,0.7751937984496124,0.0,0.0,84.75336322869956,0.0,0.0,92.81314168377823,22.2001982160555,"[[0, 0, 0, 0, 0, 437, 0, 0, 522, 21], [0, 0, 0, 0, 0, 785, 0, 0, 350, 0], [0, 0, 8, 0, 0, 20, 0, 0, 958, 46], [0, 0, 1, 0, 0, 703, 0, 0, 303, 3], [0, 0, 0, 0, 0, 199, 0, 0, 470, 313], [0, 1, 0, 0, 0, 756, 0, 0, 132, 3], [0, 0, 6, 0, 0, 174, 0, 0, 739, 39], [0, 0, 0, 0, 0, 379, 0, 0, 407, 242], [0, 0, 0, 0, 0, 69, 0, 0, 904, 1], [0, 0, 0, 0, 0, 486, 0, 0, 299, 224]]"
2,41.05,1.7034382873449843,0.3107160234300764,0.39988364131466503,0.2796168398368473,8515793,0.0,98.94273127753304,90.89147286821705,82.07920792079207,80.44806517311609,45.85201793721973,1.6701461377870561,0.0,0.0,0.0,"[[0, 4, 579, 81, 20, 296, 0, 0, 0, 0], [0, 1123, 10, 2, 0, 0, 0, 0, 0, 0], [0, 68, 938, 11, 14, 1, 0, 0, 0, 0], [0, 87, 76, 829, 8, 9, 1, 0, 0, 0], [0, 44, 145, 2, 790, 1, 0, 0, 0, 0], [0, 138, 64, 248, 32, 409, 1, 0, 0, 0], [0, 57, 866, 2, 11, 6, 16, 0, 0, 0], [0, 248, 136, 97, 535, 12, 0, 0, 0, 0], [0, 159, 519, 140, 29, 127, 0, 0, 0, 0], [0, 80, 127, 50, 711, 41, 0, 0, 0, 0]]"
3,62.04,1.3763498406821546,0.6465602030954274,0.6192314220981927,0.5548962599465983,13024154,75.81632653061224,91.80616740088105,83.81782945736434,92.67326732673268,80.95723014256619,76.79372197309418,94.258872651357,18.385214007782103,4.722792607802875,0.0,"[[743, 0, 15, 13, 14, 140, 55, 0, 0, 0], [0, 1042, 19, 44, 0, 23, 6, 0, 1, 0], [8, 7, 865, 52, 23, 20, 41, 1, 15, 0], [1, 3, 17, 936, 5, 41, 6, 1, 0, 0], [0, 0, 4, 7, 795, 69, 107, 0, 0, 0], [7, 9, 5, 127, 30, 685, 29, 0, 0, 0], [6, 5, 8, 3, 9, 24, 903, 0, 0, 0], [7, 29, 64, 283, 132, 317, 6, 189, 1, 0], [48, 2, 20, 211, 9, 552, 86, 0, 46, 0], [5, 3, 19, 64, 522, 355, 40, 1, 0, 0]]"
4,50.65,1.4838089994348276,0.5332174005829285,0.5002725497124616,0.42427714220121615,17031586,98.16326530612245,98.6784140969163,52.616279069767444,73.76237623762376,99.79633401221996,57.959641255605376,0.5219206680584552,18.77431906614786,0.0,0.0,"[[962, 0, 0, 0, 17, 1, 0, 0, 0, 0], [0, 1120, 0, 4, 8, 3, 0, 0, 0, 0], [251, 80, 543, 37, 117, 2, 2, 0, 0, 0], [148, 28, 2, 745, 33, 52, 0, 2, 0, 0], [1, 1, 0, 0, 980, 0, 0, 0, 0, 0], [230, 18, 1, 35, 90, 517, 1, 0, 0, 0], [164, 37, 0, 0, 730, 22, 5, 0, 0, 0], [62, 103, 20, 41, 605, 4, 0, 193, 0, 0], [526, 56, 2, 40, 142, 206, 2, 0, 0, 0], [26, 16, 0, 8, 941, 18, 0, 0, 0, 0]]"
5,67.38,0.8957155662984513,0.7717286485582998,0.6702505037490933,0.6498032677831558,22040876,95.81632653061224,99.55947136563876,43.12015503875969,86.03960396039604,15.682281059063136,54.48430493273543,80.27139874739039,20.525291828793772,80.69815195071868,94.05351833498513,"[[939, 2, 0, 0, 0, 0, 0, 0, 24, 15], [0, 1130, 0, 3, 0, 0, 1, 0, 1, 0], [41, 203, 445, 36, 25, 0, 59, 7, 188, 28], [3, 61, 1, 869, 0, 3, 3, 4, 41, 25], [1, 25, 0, 0, 154, 0, 18, 0, 3, 781], [28, 87, 0, 144, 6, 486, 18, 0, 69, 54], [36, 55, 1, 2, 50, 11, 769, 0, 21, 13], [3, 111, 22, 4, 1, 0, 0, 211, 5, 671], [22, 84, 0, 30, 2, 2, 6, 2, 786, 40], [11, 29, 0, 8, 4, 0, 0, 1, 7, 949]]"
6,77.21,0.7384580947911016,0.806477660679296,0.7695473959911817,0.765340538230839,24545521,86.83673469387755,99.55947136563876,64.43798449612403,79.20792079207921,64.66395112016293,68.83408071748879,96.4509394572025,90.07782101167315,84.39425051334702,35.08424182358771,"[[851, 2, 2, 5, 0, 11, 54, 16, 37, 2], [0, 1130, 0, 2, 0, 0, 2, 0, 1, 0], [6, 127, 665, 13, 9, 0, 91, 26, 92, 3], [0, 80, 10, 800, 0, 34, 7, 36, 43, 0], [0, 42, 4, 0, 635, 2, 149, 50, 2, 98], [4, 69, 1, 56, 4, 614, 62, 25, 54, 3], [4, 14, 3, 1, 4, 3, 924, 2, 3, 0], [1, 55, 36, 0, 3, 0, 2, 926, 1, 4], [0, 73, 1, 18, 4, 8, 30, 18, 822, 0], [2, 42, 11, 5, 48, 9, 24, 497, 17, 354]]"
7,67.2,0.9419234259821736,0.8021537264744104,0.6656450221023653,0.6719402786476386,27050166,90.10204081632654,97.79735682819384,62.1124031007752,98.61386138613861,79.53156822810591,43.04932735426009,64.92693110647181,34.24124513618677,29.36344969199179,65.90683845391476,"[[883, 2, 1, 80, 2, 10, 0, 0, 0, 2], [0, 1110, 0, 25, 0, 0, 0, 0, 0, 0], [9, 48, 641, 289, 26, 0, 3, 7, 5, 4], [0, 4, 3, 996, 0, 1, 0, 2, 0, 4], [2, 19, 14, 77, 781, 2, 4, 0, 0, 83], [7, 38, 7, 438, 8, 384, 3, 1, 4, 2], [22, 49, 112, 48, 83, 21, 622, 0, 1, 0], [2, 44, 31, 221, 9, 0, 0, 352, 0, 369], [5, 51, 8, 594, 5, 20, 0, 0, 286, 5], [9, 10, 15, 238, 67, 5, 0, 0, 0, 665]]"
8,78.95,0.6615027720554949,0.830620789013552,0.7877038244922837,0.7805865319385589,30556669,94.6938775510204,98.32599118942731,95.15503875968993,90.0,81.4663951120163,79.7085201793722,82.88100208768267,31.03112840466926,58.624229979466115,75.81764122893955,"[[928, 0, 23, 2, 0, 18, 6, 0, 2, 1], [0, 1116, 14, 2, 0, 1, 2, 0, 0, 0], [5, 8, 982, 7, 7, 2, 10, 3, 5, 3], [1, 14, 56, 909, 2, 17, 0, 1, 6, 4], [2, 16, 58, 1, 800, 3, 32, 0, 0, 70], [14, 22, 25, 85, 6, 711, 23, 0, 3, 3], [12, 8, 119, 2, 7, 15, 794, 0, 1, 0], [6, 65, 120, 36, 6, 1, 0, 319, 2, 473], [9, 42, 217, 62, 10, 40, 19, 0, 571, 4], [15, 23, 54, 16, 116, 16, 1, 2, 1, 765]]"
9,75.47,0.70308154411971,0.8124555519696655,0.7497276130558806,0.7360460494650072,33061314,95.91836734693877,99.55947136563876,74.8062015503876,96.23762376237623,15.173116089613034,73.76681614349776,77.55741127348644,75.29182879377431,51.129363449691986,90.28741328047572,"[[940, 2, 0, 16, 0, 17, 0, 2, 1, 2], [0, 1130, 0, 4, 0, 1, 0, 0, 0, 0], [19, 75, 772, 98, 7, 3, 6, 18, 17, 17], [0, 15, 2, 972, 0, 6, 0, 9, 2, 4], [13, 26, 1, 6, 149, 1, 11, 0, 1, 774], [15, 28, 4, 164, 2, 658, 5, 4, 3, 9], [50, 33, 52, 8, 17, 44, 743, 0, 1, 10], [4, 63, 23, 37, 0, 0, 0, 774, 0, 127], [14, 97, 6, 253, 2, 63, 7, 11, 498, 23], [12, 28, 4, 24, 1, 4, 0, 25, 0, 911]]"
10,82.15,0.5756397079259824,0.8470232270263967,0.819073726974722,0.820503159692826,36066888,96.42857142857143,96.2114537444934,63.759689922480625,81.38613861386138,63.951120162932796,72.6457399103139,80.27139874739039,96.59533073929961,95.27720739219713,72.54707631318136,"[[945, 0, 0, 0, 1, 5, 0, 10, 19, 0], [0, 1092, 0, 2, 0, 0, 2, 4, 35, 0], [15, 14, 658, 16, 17, 1, 8, 61, 220, 22], [2, 6, 2, 822, 0, 15, 0, 73, 86, 4], [3, 0, 0, 0, 628, 0, 8, 13, 13, 317], [26, 8, 3, 36, 8, 648, 7, 43, 101, 12], [35, 7, 26, 1, 50, 30, 769, 5, 32, 3], [2, 5, 10, 4, 5, 0, 0, 993, 1, 8], [4, 2, 0, 9, 7, 6, 0, 16, 928, 2], [8, 2, 1, 2, 9, 2, 0, 236, 17, 732]]"
11,83.21,0.521487782605159,0.8595501146493421,0.8325301749925401,0.8313833036876851,41076178,83.36734693877551,97.79735682819384,70.93023255813954,80.0,82.89205702647658,89.12556053811659,91.02296450939458,51.45914396887159,91.68377823408625,94.25173439048564,"[[817, 1, 0, 0, 3, 112, 13, 1, 20, 13], [0, 1110, 0, 2, 0, 4, 3, 0, 16, 0], [10, 20, 732, 13, 21, 2, 35, 15, 157, 27], [1, 8, 8, 808, 0, 63, 4, 11, 72, 35], [0, 1, 1, 0, 814, 0, 22, 0, 1, 143], [8, 8, 1, 13, 10, 795, 20, 4, 21, 12], [11, 5, 8, 1, 28, 28, 872, 0, 5, 0], [2, 15, 27, 3, 8, 0, 0, 529, 2, 442], [2, 7, 1, 7, 12, 23, 7, 2, 893, 20], [4, 6, 1, 1, 23, 5, 0, 3, 15, 951]]"
12,84.17,0.5344885520089548,0.8608794328340705,0.8374509408037414,0.8360760103492669,44081752,87.55102040816325,97.97356828193833,90.40697674418605,96.43564356435644,92.9735234215886,53.92376681614349,91.9624217118998,62.45136186770428,84.18891170431212,79.58374628344896,"[[858, 0, 14, 27, 6, 21, 23, 2, 25, 4], [0, 1112, 9, 7, 0, 1, 2, 0, 4, 0], [3, 2, 933, 20, 21, 0, 12, 5, 30, 6], [0, 2, 11, 974, 0, 1, 1, 2, 13, 6], [0, 2, 6, 4, 913, 0, 20, 0, 3, 34], [4, 14, 10, 252, 15, 481, 35, 2, 68, 11], [5, 6, 32, 4, 20, 6, 881, 0, 4, 0], [1, 19, 50, 42, 13, 0, 1, 642, 4, 256], [1, 9, 35, 92, 6, 0, 8, 0, 820, 3], [2, 10, 12, 24, 143, 2, 0, 2, 11, 803]]"
13,85.45,0.4716160396893565,0.8745200700981709,0.8521591531647594,0.8502477105970078,49091042,98.9795918367347,98.76651982378854,86.14341085271317,94.45544554455445,82.17922606924644,69.50672645739911,87.47390396659708,52.04280155642024,90.14373716632443,92.46778989098117,"[[970, 1, 0, 0, 0, 0, 2, 0, 6, 1], [0, 1121, 1, 3, 0, 1, 2, 0, 7, 0], [16, 14, 889, 16, 17, 0, 11, 8, 52, 9], [3, 5, 11, 954, 0, 2, 1, 2, 23, 9], [2, 9, 8, 1, 807, 0, 21, 0, 10, 124], [39, 19, 6, 116, 5, 620, 12, 3, 61, 11], [31, 8, 40, 3, 18, 15, 838, 0, 5, 0], [5, 31, 48, 27, 9, 0, 0, 535, 4, 369], [13, 12, 8, 46, 4, 3, 5, 1, 878, 4], [15, 11, 4, 12, 21, 3, 0, 1, 9, 933]]"
14,84.19,0.4686150622967714,0.8633999279396207,0.8408283852804045,0.8383662145463866,54100332,97.44897959183673,98.94273127753304,79.06976744186046,92.87128712871288,98.4725050916497,89.01345291479821,72.02505219206681,83.56031128404669,82.54620123203286,46.8780971258672,"[[955, 1, 0, 0, 3, 14, 1, 2, 4, 0], [0, 1123, 0, 4, 0, 2, 1, 0, 5, 0], [18, 20, 816, 30, 39, 5, 4, 22, 72, 6], [1, 6, 6, 938, 2, 31, 0, 13, 11, 2], [1, 2, 1, 1, 967, 0, 5, 1, 1, 3], [12, 6, 2, 44, 17, 794, 3, 6, 7, 1], [25, 6, 26, 3, 149, 55, 690, 0, 4, 0], [4, 18, 29, 14, 26, 2, 0, 859, 0, 76], [10, 15, 2, 50, 23, 55, 3, 5, 804, 7], [14, 7, 1, 13, 461, 13, 0, 25, 2, 473]]"
15,88.78,0.39588699056603277,0.892358190286118,0.8868816704704529,0.8859457189632796,59109622,98.87755102040816,98.23788546255507,74.51550387596899,91.78217821782178,94.5010183299389,85.42600896860986,84.44676409185804,89.29961089494164,92.09445585215606,77.70069375619426,"[[969, 0, 0, 0, 1, 2, 1, 2, 5, 0], [0, 1115, 1, 3, 0, 1, 3, 0, 12, 0], [33, 16, 769, 22, 29, 1, 14, 22, 117, 9], [4, 4, 4, 927, 0, 18, 0, 19, 32, 2], [5, 3, 1, 1, 928, 1, 12, 1, 5, 25], [33, 6, 1, 44, 9, 762, 5, 7, 23, 2], [41, 7, 15, 1, 51, 29, 809, 0, 5, 0], [6, 17, 26, 14, 12, 1, 0, 918, 3, 31], [18, 11, 0, 18, 7, 14, 2, 5, 897, 2], [21, 7, 2, 9, 130, 8, 0, 38, 10, 784]]"
16,89.09,0.3777690951269084,0.8930492667361232,0.8903378573259901,0.8890653285447229,64118912,98.77551020408163,99.20704845814979,78.39147286821705,91.98019801980199,91.0386965376782,89.57399103139014,91.33611691022965,88.42412451361868,87.57700205338809,74.03369672943508,"[[968, 1, 0, 0, 0, 2, 2, 2, 5, 0], [0, 1126, 1, 2, 0, 1, 3, 0, 2, 0], [27, 29, 809, 20, 14, 1, 33, 22, 72, 5], [1, 12, 6, 929, 0, 26, 1, 13, 20, 2], [6, 10, 1, 1, 894, 0, 41, 1, 5, 23], [23, 10, 1, 31, 2, 799, 12, 5, 7, 2], [29, 6, 11, 1, 12, 22, 875, 0, 2, 0], [5, 29, 30, 17, 10, 1, 0, 909, 6, 21], [17, 24, 3, 26, 4, 31, 9, 6, 853, 1], [25, 20, 3, 10, 147, 10, 2, 37, 8, 747]]"
17,87.97,0.4090314377753879,0.8889299279809956,0.8798116803234184,0.8775699645557488,68126344,97.85714285714285,98.85462555066078,60.94961240310077,83.06930693069306,88.28920570264765,89.57399103139014,92.58872651356994,92.02334630350194,94.14784394250513,82.45787908820614,"[[959, 1, 0, 0, 0, 6, 3, 2, 9, 0], [0, 1122, 0, 2, 0, 1, 2, 0, 8, 0], [26, 63, 629, 16, 12, 1, 48, 31, 193, 13], [1, 23, 3, 839, 0, 39, 3, 25, 74, 3], [3, 15, 1, 1, 867, 0, 38, 1, 8, 48], [14, 12, 0, 13, 2, 799, 13, 10, 27, 2], [19, 8, 4, 1, 13, 20, 887, 1, 5, 0], [5, 26, 11, 5, 6, 1, 0, 946, 10, 18], [6, 16, 0, 5, 4, 12, 6, 7, 917, 1], [13, 21, 0, 4, 63, 7, 0, 50, 19, 832]]"
18,82.64,0.5107911615230786,0.8574332096374132,0.8252387904519697,0.8228523780655903,71131918,77.14285714285715,98.41409691629957,63.95348837209303,98.31683168316832,94.60285132382892,87.78026905829597,94.98956158663883,87.45136186770428,56.87885010266941,65.70862239841428,"[[756, 0, 0, 12, 0, 191, 18, 2, 1, 0], [0, 1117, 0, 11, 0, 1, 5, 0, 1, 0], [14, 25, 660, 177, 17, 7, 65, 19, 37, 11], [0, 0, 0, 993, 0, 9, 1, 5, 1, 1], [0, 1, 0, 11, 929, 1, 25, 1, 0, 14], [3, 3, 0, 80, 2, 783, 19, 1, 0, 1], [9, 4, 1, 2, 13, 18, 910, 0, 1, 0], [3, 12, 9, 73, 11, 2, 0, 899, 0, 19], [3, 17, 1, 210, 7, 145, 33, 1, 554, 3], [7, 7, 2, 78, 205, 16, 2, 29, 0, 663]]"
19,85.42,0.44038015792068963,0.8784818023353573,0.8531952982661297,0.854069620545937,76141208,94.18367346938776,98.76651982378854,65.11627906976744,83.16831683168317,80.75356415478615,76.79372197309418,93.63256784968684,69.3579766536965,95.58521560574948,95.8374628344896,"[[923, 1, 0, 0, 1, 22, 13, 2, 14, 4], [0, 1121, 0, 2, 0, 1, 3, 0, 8, 0], [12, 41, 672, 16, 20, 1, 35, 18, 189, 28], [1, 17, 5, 840, 0, 9, 5, 11, 86, 36], [0, 4, 0, 0, 793, 0, 16, 0, 3, 166], [12, 13, 0, 35, 6, 685, 20, 4, 83, 34], [10, 6, 2, 1, 26, 8, 897, 0, 8, 0], [2, 30, 19, 6, 7, 0, 0, 713, 7, 244], [3, 10, 0, 8, 5, 1, 5, 2, 931, 9], [6, 9, 0, 1, 6, 2, 0, 2, 16, 967]]"
20,79.88,0.5488327752334622,0.8382429259751687,0.7991759452740623,0.7690097535496875,80148640,93.6734693877551,99.64757709251101,72.38372093023256,78.41584158415841,98.26883910386965,94.84304932735425,85.90814196242171,93.28793774319067,79.7741273100616,2.973240832507433,"[[918, 1, 0, 0, 3, 53, 2, 2, 1, 0], [0, 1131, 0, 1, 0, 2, 1, 0, 0, 0], [20, 66, 747, 16, 38, 7, 20, 33, 82, 3], [1, 34, 8, 792, 3, 114, 1, 34, 22, 1], [1, 5, 0, 0, 965, 0, 10, 1, 0, 0], [6, 10, 0, 2, 9, 846, 7, 7, 5, 0], [14, 8, 6, 1, 77, 28, 823, 0, 1, 0], [4, 22, 13, 2, 24, 1, 0, 959, 0, 3], [10, 53, 0, 8, 34, 69, 9, 14, 777, 0], [13, 18, 0, 5, 821, 14, 0, 104, 4, 30]]"
21,85.0,0.44337889204581327,0.8811837099980118,0.8484781391995533,0.84743175742005,83655143,91.83673469387756,97.09251101321586,77.71317829457365,87.22772277227723,44.602851323828915,83.18385650224215,93.31941544885177,81.03112840466926,97.22792607802874,95.24281466798811,"[[900, 0, 0, 0, 0, 57, 10, 1, 12, 0], [0, 1102, 2, 1, 0, 1, 3, 0, 25, 1], [12, 7, 802, 13, 6, 2, 17, 22, 125, 26], [1, 2, 6, 881, 0, 13, 1, 14, 78, 14], [2, 1, 3, 1, 438, 0, 18, 0, 17, 502], [8, 6, 1, 25, 0, 742, 8, 6, 82, 14], [12, 5, 18, 1, 9, 12, 894, 1, 6, 0], [4, 10, 23, 7, 1, 1, 0, 833, 4, 145], [2, 2, 0, 7, 0, 2, 2, 5, 947, 7], [8, 6, 3, 3, 1, 3, 0, 8, 16, 961]]"
22,86.5,0.4062175986865839,0.8849432410211413,0.8650785023590446,0.8631189064003395,88163504,98.36734693877551,97.18061674008811,71.02713178294574,77.22772277227723,60.59063136456212,91.25560538116592,95.30271398747391,83.36575875486382,96.50924024640656,94.25173439048564,"[[964, 0, 0, 0, 0, 6, 2, 2, 6, 0], [0, 1103, 1, 1, 0, 1, 4, 0, 25, 0], [23, 15, 733, 13, 6, 2, 41, 18, 159, 22], [11, 7, 6, 780, 0, 78, 3, 14, 95, 16], [6, 4, 1, 1, 595, 2, 35, 1, 16, 321], [19, 4, 0, 4, 0, 814, 12, 5, 29, 5], [15, 3, 2, 1, 6, 12, 913, 1, 5, 0], [5, 16, 22, 4, 2, 3, 0, 857, 10, 109], [9, 1, 0, 3, 0, 11, 5, 3, 940, 2], [17, 6, 0, 3, 2, 6, 1, 10, 13, 951]]"
23,83.69,0.48445644855689696,0.8748699829456152,0.8323531400174045,0.8329382548657561,92671865,98.57142857142858,99.47136563876651,85.65891472868216,97.62376237623762,54.78615071283096,59.52914798206278,92.90187891440502,69.45525291828794,80.69815195071868,93.65708622398414,"[[966, 1, 1, 5, 0, 0, 2, 1, 3, 1], [0, 1129, 1, 3, 0, 1, 1, 0, 0, 0], [13, 39, 884, 35, 4, 0, 12, 7, 27, 11], [0, 6, 6, 986, 0, 0, 0, 2, 5, 5], [6, 26, 11, 11, 538, 0, 26, 0, 9, 355], [21, 23, 6, 254, 0, 531, 11, 1, 35, 10], [19, 8, 26, 3, 6, 4, 890, 0, 2, 0], [5, 33, 31, 52, 2, 0, 0, 714, 0, 191], [8, 32, 12, 123, 0, 0, 6, 0, 786, 7], [14, 18, 4, 23, 0, 1, 1, 2, 1, 945]]"
24,90.46,0.31747012603254365,0.907712907749038,0.9047175819999305,0.903537907580743,97681155,97.75510204081633,98.76651982378854,79.65116279069767,78.91089108910892,88.90020366598777,94.84304932735425,91.7536534446764,88.61867704280155,93.94250513347022,91.57581764122894,"[[958, 0, 0, 0, 0, 10, 4, 3, 5, 0], [0, 1121, 2, 1, 0, 1, 3, 0, 7, 0], [14, 18, 822, 9, 14, 1, 16, 20, 105, 13], [4, 12, 9, 797, 0, 99, 1, 21, 61, 6], [1, 4, 2, 1, 873, 0, 14, 1, 4, 82], [12, 5, 0, 1, 0, 846, 5, 7, 14, 2], [13, 4, 10, 1, 25, 21, 879, 1, 4, 0], [5, 21, 28, 4, 5, 1, 0, 911, 4, 49], [9, 4, 0, 3, 6, 23, 5, 6, 915, 3], [14, 9, 3, 3, 15, 6, 0, 23, 12, 924]]"
25,88.94,0.34687070435466477,0.9025019967411904,0.8874128586182648,0.8887325318625695,102189516,98.67346938775509,99.20704845814979,92.92635658914729,95.54455445544554,70.06109979633402,85.53811659192824,88.20459290187893,78.6964980544747,84.80492813141683,93.7561942517344,"[[967, 1, 2, 0, 0, 3, 2, 2, 3, 0], [0, 1126, 5, 1, 0, 1, 2, 0, 0, 0], [9, 9, 959, 14, 3, 1, 7, 6, 16, 8], [1, 3, 16, 965, 0, 4, 0, 5, 8, 8], [3, 12, 23, 3, 688, 0, 13, 1, 5, 234], [14, 8, 11, 69, 0, 763, 2, 2, 17, 6], [14, 8, 62, 1, 9, 17, 845, 0, 2, 0], [5, 24, 50, 18, 3, 0, 0, 809, 1, 118], [10, 17, 29, 65, 1, 12, 4, 4, 826, 6], [13, 10, 8, 15, 3, 3, 0, 6, 5, 946]]"
26,87.31,0.41017874394552395,0.8911496648909463,0.8713613128396688,0.8702054252651141,106196948,95.61224489795919,98.94273127753304,96.12403100775194,90.4950495049505,90.83503054989816,95.17937219730942,82.98538622129436,88.81322957198444,56.16016427104723,76.21407333994054,"[[937, 0, 14, 0, 0, 26, 2, 1, 0, 0], [0, 1123, 9, 1, 0, 1, 1, 0, 0, 0], [5, 4, 992, 8, 3, 4, 3, 7, 4, 2], [1, 4, 39, 914, 0, 38, 0, 11, 3, 0], [1, 16, 31, 1, 892, 2, 14, 2, 0, 23], [3, 4, 14, 15, 0, 849, 4, 2, 0, 1], [11, 7, 106, 1, 11, 27, 795, 0, 0, 0], [4, 19, 62, 13, 3, 7, 0, 913, 0, 7], [18, 34, 192, 55, 8, 101, 7, 9, 547, 3], [15, 17, 30, 15, 88, 21, 0, 54, 0, 769]]"
27,91.22,0.30295046906882583,0.91518536293298,0.9117378675536806,0.911489005175466,109703451,92.55102040816327,98.76651982378854,93.7015503875969,90.0990099009901,96.43584521384929,94.95515695067265,89.66597077244259,87.54863813229572,89.3223819301848,78.69177403369673,"[[907, 0, 16, 0, 1, 36, 15, 1, 4, 0], [0, 1121, 7, 1, 0, 1, 2, 0, 3, 0], [4, 1, 967, 6, 13, 3, 7, 9, 19, 3], [1, 1, 35, 910, 0, 33, 0, 11, 17, 2], [0, 2, 5, 1, 947, 0, 10, 1, 2, 14], [3, 4, 7, 14, 0, 847, 4, 4, 8, 1], [8, 4, 34, 1, 28, 21, 859, 0, 3, 0], [4, 11, 48, 8, 11, 2, 0, 900, 1, 43], [3, 4, 35, 17, 9, 25, 3, 5, 870, 3], [6, 7, 10, 7, 143, 9, 1, 23, 9, 794]]"
28,88.13,0.3600209971633963,0.8993326028310813,0.8780066620857812,0.8783557213088704,113710883,95.3061224489796,98.41409691629957,80.81395348837209,93.76237623762376,66.80244399185335,66.59192825112108,95.82463465553236,88.81322957198444,97.22792607802874,94.44995044598612,"[[934, 1, 1, 2, 1, 4, 20, 2, 15, 0], [0, 1117, 2, 1, 0, 0, 3, 0, 12, 0], [6, 10, 834, 17, 3, 0, 14, 24, 107, 17], [0, 1, 2, 947, 0, 1, 0, 13, 41, 5], [0, 5, 2, 1, 656, 0, 25, 2, 15, 276], [8, 7, 2, 103, 0, 594, 12, 5, 145, 16], [8, 5, 7, 1, 6, 5, 918, 1, 7, 0], [3, 10, 18, 15, 2, 0, 0, 913, 2, 65], [3, 1, 0, 15, 0, 0, 1, 4, 947, 3], [5, 6, 2, 9, 2, 1, 0, 16, 15, 953]]"
29,92.03,0.27388409859599017,0.9216288442838302,0.9201993149896103,0.9192839665788778,117217386,97.75510204081633,98.06167400881057,80.23255813953489,94.05940594059405,84.928716904277,93.72197309417041,96.65970772442589,92.21789883268482,91.58110882956879,90.98116947472745,"[[958, 0, 0, 0, 1, 6, 9, 2, 4, 0], [0, 1113, 1, 3, 0, 2, 4, 0, 12, 0], [14, 8, 828, 22, 5, 1, 29, 28, 87, 10], [1, 1, 3, 950, 0, 25, 0, 11, 18, 1], [2, 0, 2, 4, 834, 2, 44, 3, 7, 84], [10, 0, 0, 23, 0, 836, 9, 4, 9, 1], [10, 3, 3, 1, 3, 9, 926, 1, 2, 0], [5, 8, 12, 24, 2, 4, 0, 948, 0, 25], [11, 1, 1, 30, 2, 21, 9, 5, 892, 2], [16, 6, 1, 10, 9, 12, 2, 28, 7, 918]]"
30,93.01,0.24493448358302872,0.9302377800787422,0.9295249406358259,0.9296444827563223,121224818,95.61224489795919,98.94273127753304,92.73255813953489,90.0,91.14052953156822,93.49775784753363,95.09394572025052,90.46692607003891,90.75975359342917,91.2784935579782,"[[937, 1, 7, 0, 1, 9, 18, 4, 3, 0], [0, 1123, 3, 1, 0, 1, 5, 0, 2, 0], [5, 5, 957, 6, 9, 2, 10, 14, 18, 6], [1, 2, 26, 909, 0, 26, 2, 16, 22, 6], [0, 3, 4, 1, 895, 0, 21, 1, 2, 55], [7, 4, 4, 14, 0, 834, 10, 4, 10, 5], [7, 3, 13, 1, 13, 7, 911, 1, 2, 0], [3, 14, 37, 5, 2, 0, 0, 930, 0, 37], [6, 6, 21, 12, 6, 14, 14, 6, 884, 5], [9, 7, 5, 5, 26, 5, 1, 22, 8, 921]]"
31,92.32,0.25768158724680307,0.9260985385040813,0.9225697472147993,0.9231686757644983,123729463,98.36734693877551,99.47136563876651,89.63178294573643,91.0891089108911,89.0020366598778,94.28251121076234,89.97912317327767,86.47859922178989,89.3223819301848,94.94549058473737,"[[964, 1, 2, 0, 1, 4, 3, 2, 2, 1], [0, 1129, 2, 1, 0, 1, 1, 0, 1, 0], [8, 18, 925, 9, 13, 1, 7, 16, 19, 16], [1, 12, 11, 920, 0, 21, 0, 11, 19, 15], [1, 6, 3, 0, 874, 0, 9, 1, 0, 88], [7, 6, 2, 17, 0, 841, 2, 4, 7, 6], [11, 5, 11, 1, 45, 17, 862, 2, 4, 0], [3, 26, 24, 6, 2, 0, 0, 889, 0, 78], [9, 26, 7, 21, 8, 17, 3, 6, 870, 7], [9, 11, 1, 4, 9, 4, 0, 7, 6, 958]]"
32,82.66,0.46190335980048197,0.8693005174099231,0.8269010460975105,0.8001672289136588,127235966,93.36734693877551,99.20704845814979,89.05038759689923,81.58415841584159,97.45417515274949,98.76681614349776,96.4509394572025,93.8715953307393,66.94045174537987,10.20812685827552,"[[915, 0, 0, 0, 1, 38, 23, 3, 0, 0], [0, 1126, 2, 1, 0, 2, 4, 0, 0, 0], [7, 13, 919, 6, 17, 6, 33, 23, 8, 0], [0, 6, 14, 824, 1, 139, 1, 20, 4, 1], [0, 4, 1, 0, 957, 0, 19, 1, 0, 0], [3, 0, 0, 1, 0, 881, 4, 2, 1, 0], [6, 2, 2, 1, 10, 13, 924, 0, 0, 0], [3, 13, 24, 3, 12, 6, 1, 965, 0, 1], [12, 30, 16, 25, 27, 159, 42, 10, 652, 1], [12, 11, 4, 3, 729, 29, 1, 117, 0, 103]]"
33,90.1,0.3036304618389652,0.9151752546122299,0.899730069251899,0.9009461637516619,131243398,97.55102040816327,95.8590308370044,76.84108527131784,87.92079207920793,81.36456211812627,78.02690582959642,97.18162839248434,93.96887159533074,98.15195071868584,92.86422200198216,"[[956, 0, 0, 0, 0, 1, 11, 2, 10, 0], [0, 1088, 2, 1, 0, 0, 5, 0, 38, 1], [16, 1, 793, 11, 6, 0, 30, 34, 126, 15], [2, 1, 1, 888, 0, 2, 1, 21, 86, 8], [1, 0, 1, 0, 799, 0, 33, 4, 9, 135], [12, 1, 0, 25, 0, 696, 11, 5, 132, 10], [12, 1, 1, 1, 3, 2, 931, 1, 6, 0], [5, 4, 10, 8, 2, 0, 0, 966, 6, 27], [7, 0, 0, 3, 1, 0, 1, 4, 956, 2], [12, 3, 0, 2, 4, 2, 0, 30, 19, 937]]"
34,86.73,0.36162388367584336,0.8919346941048787,0.8679593918655091,0.8624584459936779,133748043,93.87755102040816,98.76651982378854,77.22868217054264,79.9009900990099,99.08350305498982,95.51569506726457,92.58872651356994,95.3307392996109,93.94250513347022,41.72447968285431,"[[920, 1, 0, 0, 14, 7, 21, 11, 6, 0], [0, 1121, 2, 1, 2, 1, 5, 0, 3, 0], [11, 13, 797, 7, 32, 2, 26, 44, 92, 8], [1, 7, 7, 807, 4, 69, 3, 39, 64, 9], [0, 0, 0, 0, 973, 0, 7, 1, 0, 1], [5, 0, 0, 0, 10, 852, 7, 6, 8, 4], [5, 2, 1, 1, 55, 6, 887, 0, 1, 0], [1, 7, 11, 1, 18, 0, 0, 980, 0, 10], [6, 0, 0, 4, 23, 7, 11, 7, 915, 1], [4, 5, 0, 1, 514, 5, 1, 46, 12, 421]]"
35,91.2,0.28572534936399885,0.9169250147147864,0.911829783771689,0.9095720881019055,136753617,98.87755102040816,99.38325991189427,91.66666666666666,93.86138613861385,91.64969450101833,94.84304932735425,96.3465553235908,91.9260700389105,90.14373716632443,63.13181367690783,"[[969, 1, 2, 0, 0, 0, 4, 2, 2, 0], [0, 1128, 2, 1, 0, 1, 3, 0, 0, 0], [13, 18, 946, 10, 1, 0, 12, 15, 16, 1], [1, 4, 18, 948, 0, 15, 0, 11, 13, 0], [3, 20, 8, 1, 900, 0, 46, 0, 2, 2], [11, 4, 1, 18, 0, 846, 4, 2, 6, 0], [11, 5, 7, 1, 3, 6, 923, 0, 2, 0], [6, 27, 33, 10, 3, 2, 0, 945, 1, 1], [14, 22, 17, 16, 5, 9, 8, 4, 878, 1], [27, 31, 7, 14, 192, 14, 2, 74, 11, 637]]"
36,90.38,0.2812935194482628,0.9132299363086716,0.9034540400971492,0.8988664927750122,141261978,98.26530612244898,99.29515418502203,91.66666666666666,94.05940594059405,95.11201629327903,93.16143497757847,97.28601252609603,95.8171206225681,86.85831622176592,51.932606541129836,"[[963, 1, 2, 0, 0, 0, 10, 2, 2, 0], [0, 1127, 2, 1, 0, 1, 4, 0, 0, 0], [12, 9, 946, 10, 2, 0, 13, 27, 12, 1], [1, 3, 16, 950, 0, 9, 0, 21, 10, 0], [0, 9, 2, 1, 934, 0, 32, 2, 1, 1], [12, 2, 0, 26, 0, 831, 10, 5, 6, 0], [11, 4, 2, 1, 4, 2, 932, 1, 1, 0], [4, 13, 17, 6, 3, 0, 0, 985, 0, 0], [18, 18, 25, 25, 6, 10, 18, 7, 846, 1], [22, 18, 4, 13, 257, 9, 1, 158, 3, 524]]"
37,92.22,0.2579463249721085,0.9255156571743506,0.9219394390701308,0.9207535396757087,146271268,98.46938775510205,99.20704845814979,90.31007751937985,90.0,96.94501018329939,98.76681614349776,91.54488517745303,94.3579766536965,79.97946611909651,82.3587710604559,"[[965, 0, 1, 0, 1, 8, 3, 2, 0, 0], [0, 1126, 2, 1, 0, 3, 3, 0, 0, 0], [11, 9, 932, 14, 8, 3, 9, 36, 8, 2], [1, 2, 8, 909, 0, 69, 0, 14, 6, 1], [1, 3, 3, 1, 952, 0, 8, 1, 0, 13], [6, 0, 0, 1, 0, 881, 1, 1, 1, 1], [11, 4, 5, 1, 28, 30, 877, 1, 1, 0], [3, 9, 14, 9, 3, 6, 0, 970, 0, 14], [19, 10, 18, 39, 10, 81, 7, 8, 779, 3], [13, 7, 1, 7, 85, 27, 0, 38, 0, 831]]"
38,91.53,0.27503391882529654,0.9255347760330255,0.9156449368059741,0.9157554305417916,151280558,96.22448979591837,96.2114537444934,74.12790697674419,84.05940594059406,95.82484725050917,90.24663677130044,96.76409185803759,95.42801556420234,98.25462012320328,88.50346878097126,"[[943, 0, 0, 0, 2, 1, 18, 5, 11, 0], [0, 1092, 1, 1, 2, 0, 5, 0, 34, 0], [14, 1, 765, 10, 10, 1, 18, 46, 158, 9], [2, 1, 1, 849, 0, 16, 2, 23, 107, 9], [0, 1, 0, 0, 941, 0, 14, 1, 4, 21], [8, 0, 0, 6, 0, 805, 8, 5, 56, 4], [6, 2, 1, 1, 11, 3, 927, 1, 6, 0], [3, 3, 8, 5, 1, 0, 0, 981, 6, 21], [4, 0, 0, 1, 4, 0, 3, 3, 957, 2], [9, 5, 0, 2, 45, 3, 1, 34, 17, 893]]"
39,92.56,0.24963650794122547,0.9286367145095717,0.9254402528696188,0.9243280544355672,155788919,98.57142857142858,98.94273127753304,85.75581395348837,94.35643564356435,97.5560081466395,98.20627802690582,90.18789144050105,96.3035019455253,84.29158110882958,81.26858275520317,"[[966, 0, 1, 0, 1, 5, 2, 4, 1, 0], [0, 1123, 0, 4, 0, 3, 3, 0, 2, 0], [18, 3, 885, 23, 11, 1, 5, 57, 24, 5], [0, 0, 4, 953, 0, 32, 0, 15, 5, 1], [1, 1, 2, 1, 958, 0, 8, 2, 1, 8], [6, 0, 0, 6, 0, 876, 1, 1, 1, 1], [19, 3, 3, 1, 30, 36, 864, 1, 1, 0], [3, 6, 5, 16, 2, 1, 0, 990, 0, 5], [20, 3, 3, 48, 10, 49, 3, 11, 821, 6], [14, 6, 0, 11, 93, 15, 0, 50, 0, 820]]"
40,91.58,0.27459486454320603,0.9259281591240583,0.9160717888977935,0.9165938634940117,159796351,98.46938775510205,94.8898678414097,76.84108527131784,91.2871287128713,88.90020366598777,88.56502242152466,97.18162839248434,88.715953307393,98.35728952772074,92.86422200198216,"[[965, 0, 0, 0, 0, 0, 4, 1, 10, 0], [0, 1077, 2, 1, 0, 0, 6, 0, 49, 0], [23, 0, 793, 19, 3, 0, 20, 20, 145, 9], [3, 0, 2, 922, 0, 3, 0, 8, 68, 4], [3, 0, 1, 1, 873, 0, 34, 0, 14, 56], [21, 0, 0, 19, 0, 790, 7, 2, 51, 2], [14, 1, 1, 0, 3, 2, 931, 1, 5, 0], [7, 5, 9, 16, 1, 0, 0, 912, 21, 57], [8, 0, 0, 3, 1, 0, 2, 1, 958, 1], [20, 4, 0, 6, 11, 5, 1, 5, 20, 937]]"
41,93.53,0.22175549965101882,0.9391279959735584,0.9347110448291989,0.935085429586261,163803783,97.95918367346938,98.85462555066078,89.24418604651163,98.31683168316832,84.82688391038697,91.3677130044843,97.59916492693111,88.32684824902724,94.55852156057495,93.65708622398414,"[[960, 0, 2, 0, 0, 0, 13, 1, 4, 0], [0, 1122, 0, 4, 0, 0, 3, 0, 6, 0], [11, 3, 921, 36, 1, 0, 12, 16, 29, 3], [0, 0, 2, 993, 0, 0, 0, 6, 9, 0], [1, 7, 2, 2, 833, 0, 38, 1, 9, 89], [7, 2, 0, 45, 0, 815, 7, 1, 14, 1], [7, 3, 3, 1, 3, 2, 935, 0, 4, 0], [5, 9, 10, 48, 1, 0, 0, 908, 1, 46], [6, 1, 3, 33, 1, 1, 6, 0, 921, 2], [14, 8, 3, 15, 4, 5, 1, 7, 7, 945]]"
42,92.24,0.24845115851146726,0.9300289031818775,0.9225392661228291,0.9228807543745161,167310286,99.28571428571429,99.03083700440529,80.03875968992247,97.82178217821782,89.30753564154786,96.74887892376681,93.52818371607515,85.01945525291829,88.39835728952772,93.35976214073341,"[[973, 0, 1, 0, 0, 1, 2, 1, 2, 0], [0, 1124, 0, 5, 0, 2, 1, 0, 3, 0], [11, 13, 826, 126, 3, 2, 4, 15, 28, 4], [0, 0, 0, 988, 0, 11, 0, 4, 7, 0], [2, 1, 2, 6, 877, 1, 9, 0, 4, 80], [4, 0, 0, 21, 0, 863, 1, 1, 1, 1], [13, 5, 3, 1, 10, 26, 896, 1, 3, 0], [5, 11, 3, 72, 1, 4, 0, 874, 0, 58], [6, 5, 2, 73, 3, 19, 0, 0, 861, 5], [15, 9, 0, 16, 7, 11, 0, 4, 5, 942]]"
43,91.51,0.26135882887001427,0.9225841272266975,0.9149095963048991,0.9130556517355537,170816789,99.38775510204081,99.29515418502203,89.53488372093024,92.37623762376238,98.26883910386965,97.86995515695067,92.06680584551148,96.78988326848248,81.82751540041068,67.49256689791872,"[[974, 1, 1, 0, 0, 0, 2, 2, 0, 0], [0, 1127, 2, 1, 0, 1, 4, 0, 0, 0], [19, 15, 924, 12, 10, 1, 4, 39, 8, 0], [3, 3, 6, 933, 0, 31, 0, 24, 7, 3], [1, 4, 2, 0, 965, 0, 7, 1, 0, 2], [10, 1, 0, 3, 0, 873, 1, 3, 0, 1], [25, 4, 2, 0, 29, 15, 882, 0, 1, 0], [5, 12, 8, 5, 3, 0, 0, 995, 0, 0], [42, 28, 10, 23, 11, 30, 10, 17, 797, 6], [22, 8, 2, 8, 206, 12, 0, 70, 0, 681]]"
44,94.32,0.19130805365074746,0.944719839836163,0.9430858064483111,0.9430578019452851,174323292,98.26530612244898,98.85462555066078,89.92248062015504,98.01980198019803,93.48268839103869,95.17937219730942,96.97286012526096,87.45136186770428,91.47843942505133,93.45887016848364,"[[963, 0, 0, 0, 0, 1, 14, 1, 1, 0], [0, 1122, 2, 2, 0, 1, 5, 0, 3, 0], [13, 2, 928, 24, 7, 0, 10, 21, 20, 7], [0, 1, 4, 990, 0, 2, 0, 5, 7, 1], [0, 1, 2, 1, 918, 0, 13, 0, 3, 44], [6, 1, 0, 26, 0, 849, 6, 1, 2, 1], [9, 3, 1, 0, 9, 4, 929, 0, 3, 0], [4, 11, 12, 30, 1, 0, 0, 899, 0, 71], [7, 3, 3, 38, 4, 14, 8, 1, 891, 5], [14, 6, 0, 14, 18, 4, 1, 4, 5, 943]]"
45,94.07,0.2018543932015618,0.9437803041151472,0.9407672469206366,0.9407448418638271,178831653,98.9795918367347,98.6784140969163,89.05038759689923,97.82178217821782,87.78004073319755,95.62780269058297,96.76409185803759,85.3112840466926,96.30390143737166,94.44995044598612,"[[970, 0, 0, 0, 0, 1, 5, 1, 3, 0], [0, 1120, 1, 2, 0, 1, 3, 0, 8, 0], [13, 4, 919, 27, 2, 0, 10, 18, 36, 3], [0, 1, 2, 988, 0, 1, 0, 5, 12, 1], [2, 2, 2, 1, 862, 0, 19, 0, 4, 90], [6, 0, 0, 22, 0, 853, 3, 1, 6, 1], [10, 3, 1, 0, 4, 7, 927, 0, 6, 0], [6, 14, 10, 34, 1, 0, 0, 877, 1, 85], [7, 1, 1, 17, 1, 4, 0, 1, 938, 4], [15, 8, 0, 12, 5, 4, 0, 3, 9, 953]]"
46,93.24,0.21684536646111324,0.9372060768427906,0.9328551674663211,0.9317094911085743,183840943,97.0408163265306,97.88546255506608,79.65116279069767,95.64356435643563,98.37067209775967,95.51569506726457,96.5553235908142,97.17898832684824,96.81724845995893,78.1962338949455,"[[951, 0, 0, 0, 2, 0, 14, 4, 9, 0], [0, 1111, 0, 3, 2, 0, 4, 0, 15, 0], [14, 2, 822, 21, 8, 0, 10, 58, 93, 4], [0, 0, 2, 966, 0, 4, 0, 18, 20, 0], [0, 0, 1, 0, 966, 0, 10, 0, 2, 3], [5, 0, 0, 15, 0, 852, 5, 3, 11, 1], [8, 3, 1, 0, 12, 5, 925, 0, 4, 0], [2, 5, 6, 10, 4, 0, 0, 999, 0, 2], [7, 0, 0, 7, 5, 0, 2, 9, 943, 1], [10, 6, 0, 7, 119, 4, 0, 63, 11, 789]]"
47,93.14,0.21289576150881598,0.9376357542536301,0.9309561506337418,0.9302531693227069,186345588,96.93877551020408,99.38325991189427,90.98837209302324,96.63366336633663,98.67617107942974,92.9372197309417,94.78079331941545,96.59533073929961,94.25051334702259,69.77205153617443,"[[950, 1, 0, 0, 4, 0, 14, 6, 5, 0], [0, 1128, 2, 1, 0, 0, 3, 0, 1, 0], [8, 5, 939, 14, 11, 0, 5, 33, 16, 1], [0, 1, 6, 976, 0, 0, 0, 16, 11, 0], [0, 2, 2, 0, 969, 0, 6, 0, 1, 2], [5, 3, 1, 34, 0, 829, 5, 3, 11, 1], [6, 4, 3, 0, 30, 3, 908, 0, 4, 0], [2, 9, 12, 8, 4, 0, 0, 993, 0, 0], [6, 7, 2, 14, 9, 0, 2, 13, 918, 3], [8, 7, 2, 11, 181, 3, 0, 85, 8, 704]]"
48,94.66,0.18124492001681092,0.9467513503772838,0.9469069396964821,0.9459809930747003,190353020,98.57142857142858,98.76651982378854,88.17829457364341,92.27722772277228,96.33401221995926,99.10313901345292,94.57202505219206,95.3307392996109,95.07186858316223,88.70168483647176,"[[966, 0, 0, 0, 1, 3, 5, 2, 3, 0], [0, 1121, 2, 1, 0, 3, 3, 0, 5, 0], [11, 1, 910, 15, 3, 3, 8, 30, 47, 4], [0, 0, 3, 932, 0, 53, 0, 11, 11, 0], [1, 1, 2, 0, 946, 0, 11, 0, 3, 18], [2, 0, 0, 1, 0, 884, 2, 1, 1, 1], [10, 3, 2, 0, 9, 22, 906, 0, 6, 0], [4, 8, 12, 11, 1, 1, 0, 980, 0, 11], [9, 0, 0, 7, 5, 16, 1, 7, 926, 3], [11, 6, 0, 6, 32, 18, 1, 33, 7, 895]]"
49,93.18,0.2141604659358819,0.9348407333003272,0.9320765256016971,0.9308275477915776,194360452,96.3265306122449,99.11894273127754,89.92248062015504,84.55445544554455,98.87983706720978,99.43946188340807,95.92901878914405,95.03891050583657,89.21971252566735,83.64717542120911,"[[944, 0, 0, 0, 3, 10, 18, 4, 1, 0], [0, 1125, 2, 1, 1, 1, 5, 0, 0, 0], [9, 2, 928, 9, 12, 4, 14, 33, 17, 4], [0, 1, 6, 854, 0, 119, 0, 17, 9, 4], [0, 0, 0, 0, 971, 0, 8, 0, 0, 3], [1, 0, 0, 0, 0, 887, 2, 1, 0, 1], [5, 3, 1, 0, 14, 15, 919, 0, 1, 0], [2, 8, 12, 5, 5, 2, 0, 977, 0, 17], [6, 5, 4, 4, 10, 43, 14, 8, 869, 11], [7, 6, 0, 1, 111, 19, 0, 21, 0, 844]]"
50,94.45,0.18910027336412535,0.9462041047079154,0.9447092992047501,0.9439817804889998,197866955,97.0408163265306,99.38325991189427,86.43410852713178,96.83168316831683,97.35234215885947,97.98206278026906,98.12108559498957,96.10894941634241,92.40246406570843,83.05252725470763,"[[951, 0, 0, 0, 0, 1, 23, 3, 2, 0], [0, 1128, 0, 3, 0, 0, 4, 0, 0, 0], [10, 21, 892, 21, 3, 1, 22, 38, 22, 2], [0, 1, 2, 978, 0, 10, 0, 9, 10, 0], [0, 4, 1, 0, 956, 0, 16, 1, 1, 3], [2, 1, 0, 8, 0, 874, 4, 1, 1, 1], [5, 3, 1, 0, 4, 4, 940, 0, 1, 0], [3, 13, 7, 13, 1, 0, 0, 988, 0, 3], [7, 9, 1, 14, 6, 13, 14, 6, 900, 4], [9, 12, 0, 13, 75, 15, 2, 41, 4, 838]]"
51,94.55,0.17565289173667994,0.947518076403826,0.9449876214330579,0.945396143985417,201373458,96.0204081632653,99.29515418502203,96.31782945736434,96.53465346534654,86.55804480651732,96.18834080717488,97.91231732776617,91.63424124513618,91.06776180698152,93.45887016848364,"[[941, 0, 4, 0, 0, 0, 30, 2, 3, 0], [0, 1127, 3, 1, 0, 0, 4, 0, 0, 0], [3, 4, 994, 8, 1, 0, 7, 9, 4, 2], [0, 1, 16, 975, 0, 1, 0, 9, 8, 0], [0, 16, 5, 1, 850, 0, 25, 0, 2, 83], [3, 2, 1, 17, 0, 858, 5, 1, 4, 1], [5, 3, 5, 0, 3, 2, 938, 0, 2, 0], [3, 11, 32, 13, 1, 0, 0, 942, 0, 26], [6, 8, 32, 15, 3, 7, 10, 1, 887, 5], [10, 10, 4, 13, 4, 4, 2, 13, 6, 943]]"
52,95.12,0.16278273800013068,0.9524688125973683,0.9510126817195719,0.9511626366494991,206382748,95.71428571428572,98.85462555066078,95.63953488372093,94.25742574257426,92.76985743380855,95.17937219730942,98.53862212943632,89.00778210116731,96.30390143737166,94.74727452923688,"[[938, 0, 4, 0, 0, 0, 30, 1, 6, 1], [0, 1122, 3, 1, 0, 0, 5, 0, 4, 0], [6, 1, 987, 6, 1, 0, 7, 9, 12, 3], [0, 1, 17, 952, 0, 4, 0, 8, 22, 6], [0, 3, 2, 0, 911, 0, 20, 0, 2, 44], [5, 1, 1, 9, 0, 849, 8, 1, 13, 5], [4, 2, 1, 0, 3, 2, 944, 0, 2, 0], [4, 9, 31, 6, 1, 0, 0, 915, 2, 60], [6, 1, 7, 1, 4, 0, 11, 1, 938, 5], [6, 8, 1, 5, 14, 3, 1, 4, 11, 956]]"
53,92.19,0.22743654920579717,0.9324589719685417,0.9218854691789817,0.9230218846367597,210390180,96.83673469387755,99.29515418502203,85.07751937984496,86.93069306930693,83.5030549898167,93.72197309417041,97.4947807933194,83.75486381322958,97.94661190965093,97.32408325074331,"[[949, 0, 0, 0, 1, 0, 16, 1, 11, 2], [0, 1127, 2, 0, 0, 0, 3, 0, 3, 0], [8, 19, 878, 6, 2, 0, 10, 20, 74, 15], [1, 4, 4, 878, 0, 13, 0, 9, 65, 36], [0, 5, 0, 0, 820, 0, 11, 0, 3, 143], [5, 4, 0, 4, 0, 836, 5, 2, 23, 13], [6, 4, 1, 0, 5, 2, 934, 0, 6, 0], [3, 17, 12, 4, 1, 0, 0, 861, 1, 129], [6, 3, 0, 0, 1, 1, 0, 1, 954, 8], [5, 7, 0, 1, 2, 0, 0, 4, 8, 982]]"
54,86.3,0.34978118885201387,0.8915161039378369,0.8631919666928349,0.8495050984432628,213395754,96.12244897959184,99.11894273127754,90.60077519379846,84.65346534653465,98.16700610997964,99.77578475336323,94.67640918580375,97.47081712062257,72.27926078028747,30.327056491575817,"[[942, 1, 0, 0, 1, 13, 17, 6, 0, 0], [0, 1125, 2, 1, 0, 4, 3, 0, 0, 0], [7, 18, 935, 7, 3, 8, 6, 43, 5, 0], [0, 2, 6, 855, 0, 122, 0, 22, 3, 0], [0, 4, 1, 0, 964, 0, 11, 2, 0, 0], [0, 0, 0, 0, 0, 890, 1, 1, 0, 0], [5, 3, 1, 0, 6, 36, 907, 0, 0, 0], [1, 9, 7, 3, 1, 5, 0, 1002, 0, 0], [12, 45, 12, 8, 15, 135, 19, 24, 704, 0], [7, 10, 0, 2, 367, 75, 0, 242, 0, 306]]"
55,92.8,0.2187323267943562,0.9334433499444126,0.927978820099199,0.9259702563024323,217904115,95.81632653061224,99.38325991189427,91.08527131782945,97.52475247524752,95.9266802443992,96.63677130044843,98.74739039665971,96.59533073929961,90.55441478439425,65.70862239841428,"[[939, 1, 1, 0, 0, 0, 35, 2, 2, 0], [0, 1128, 2, 1, 0, 0, 4, 0, 0, 0], [10, 9, 940, 13, 2, 0, 19, 28, 10, 1], [0, 1, 4, 985, 0, 2, 0, 10, 8, 0], [0, 7, 2, 0, 942, 0, 28, 2, 0, 1], [3, 1, 0, 18, 0, 862, 6, 1, 1, 0], [4, 3, 1, 0, 2, 2, 946, 0, 0, 0], [3, 9, 9, 13, 1, 0, 0, 993, 0, 0], [7, 17, 5, 18, 4, 7, 25, 7, 882, 2], [14, 16, 0, 20, 144, 11, 3, 133, 5, 663]]"
56,94.35,0.18358119553365645,0.9459383133395587,0.9440787318731211,0.9428848003076793,221410618,96.73469387755102,99.03083700440529,83.72093023255815,96.93069306930693,98.77800407331976,98.76681614349776,97.4947807933194,95.23346303501945,96.71457905544148,80.67393458870168,"[[948, 0, 0, 0, 1, 0, 18, 4, 9, 0], [0, 1124, 0, 3, 0, 0, 4, 0, 4, 0], [8, 11, 864, 22, 7, 1, 8, 35, 71, 5], [0, 0, 0, 979, 0, 10, 0, 9, 12, 0], [0, 1, 0, 0, 970, 0, 8, 0, 2, 1], [2, 0, 0, 4, 0, 881, 3, 1, 1, 0], [5, 3, 1, 0, 10, 2, 934, 0, 3, 0], [2, 10, 6, 15, 5, 0, 0, 979, 0, 11], [5, 0, 0, 8, 5, 6, 4, 1, 942, 3], [6, 8, 0, 6, 134, 13, 1, 18, 9, 814]]"
57,94.83,0.17751757481013433,0.9494020651388396,0.9488373984111378,0.9477501223073409,224917121,98.77551020408163,98.59030837004406,84.49612403100775,97.52475247524752,98.37067209775967,98.65470852017937,96.24217118997912,94.45525291828794,96.09856262833677,85.62933597621407,"[[968, 0, 0, 0, 0, 1, 5, 1, 4, 1], [0, 1119, 0, 4, 0, 1, 3, 0, 8, 0], [11, 3, 872, 27, 5, 1, 7, 26, 75, 5], [0, 0, 0, 985, 0, 10, 0, 6, 9, 0], [1, 1, 1, 0, 966, 0, 8, 0, 2, 3], [3, 0, 0, 6, 0, 880, 1, 1, 1, 0], [10, 3, 1, 0, 8, 11, 922, 0, 3, 0], [4, 6, 7, 23, 3, 3, 0, 971, 0, 11], [7, 0, 0, 13, 5, 8, 1, 1, 936, 3], [10, 6, 0, 13, 77, 15, 0, 18, 6, 864]]"
58,91.91,0.24130458252046244,0.9271652586204793,0.9189688866193553,0.9158777066588957,227922695,99.59183673469387,98.76651982378854,93.9922480620155,95.34653465346534,98.26883910386965,98.99103139013454,92.17118997912317,97.76264591439688,82.13552361396303,61.94251734390485,"[[976, 0, 2, 0, 0, 0, 0, 2, 0, 0], [1, 1121, 4, 2, 0, 2, 4, 1, 0, 0], [12, 3, 970, 8, 1, 0, 2, 32, 3, 1], [0, 0, 9, 963, 0, 24, 0, 12, 2, 0], [2, 2, 3, 0, 965, 0, 7, 2, 0, 1], [6, 0, 0, 2, 0, 883, 0, 1, 0, 0], [36, 3, 5, 0, 6, 25, 883, 0, 0, 0], [4, 3, 10, 4, 1, 1, 0, 1005, 0, 0], [57, 4, 25, 21, 7, 35, 6, 17, 800, 2], [20, 5, 2, 11, 129, 26, 0, 191, 0, 625]]"
59,90.41,0.2597183867122609,0.9192360831081288,0.9041016045089242,0.8976045525519691,230427340,99.18367346938776,99.38325991189427,92.82945736434108,95.74257425742574,98.26883910386965,98.76681614349776,96.76409185803759,98.44357976653697,78.33675564681725,46.38255698711596,"[[972, 0, 1, 0, 0, 1, 3, 3, 0, 0], [0, 1128, 2, 1, 0, 0, 4, 0, 0, 0], [11, 7, 958, 7, 2, 0, 4, 41, 2, 0], [0, 0, 8, 967, 0, 12, 0, 21, 2, 0], [1, 2, 2, 0, 965, 0, 9, 2, 0, 1], [5, 0, 0, 4, 0, 881, 1, 1, 0, 0], [16, 3, 1, 0, 3, 8, 927, 0, 0, 0], [2, 4, 6, 3, 1, 0, 0, 1012, 0, 0], [53, 26, 23, 22, 13, 33, 15, 25, 763, 1], [17, 8, 2, 10, 184, 17, 0, 303, 0, 468]]"
60,95.13,0.171013583973669,0.9532351809609322,0.9509633133763428,0.9507862896151431,234434772,98.77551020408163,98.6784140969163,96.02713178294574,98.51485148514851,96.84317718940937,94.61883408071749,97.91231732776617,94.94163424124513,92.09445585215606,82.55698711595639,"[[968, 0, 3, 0, 0, 0, 7, 1, 1, 0], [0, 1120, 3, 2, 0, 0, 5, 0, 5, 0], [9, 2, 991, 10, 1, 0, 4, 6, 8, 1], [0, 0, 6, 995, 0, 0, 0, 5, 4, 0], [0, 1, 2, 2, 951, 0, 22, 0, 1, 3], [4, 0, 1, 38, 0, 844, 3, 1, 1, 0], [10, 3, 1, 0, 3, 2, 938, 0, 1, 0], [4, 6, 21, 19, 1, 0, 0, 976, 0, 1], [9, 0, 13, 36, 4, 5, 7, 2, 897, 1], [19, 6, 3, 33, 68, 8, 1, 35, 3, 833]]"
61,95.31,0.16106843463362405,0.9532470428163998,0.9533174660854563,0.952638825339374,236939417,98.87755102040816,98.59030837004406,96.80232558139535,94.75247524752474,94.90835030549898,99.2152466367713,97.4947807933194,88.715953307393,91.88911704312115,92.07135777998018,"[[969, 0, 3, 0, 0, 0, 6, 1, 1, 0], [0, 1119, 3, 2, 0, 1, 5, 0, 5, 0], [9, 1, 999, 9, 0, 0, 6, 1, 6, 1], [0, 0, 8, 957, 0, 34, 0, 3, 8, 0], [2, 2, 2, 0, 932, 0, 20, 0, 2, 22], [3, 0, 0, 1, 0, 885, 2, 1, 0, 0], [8, 2, 2, 0, 2, 10, 934, 0, 0, 0], [6, 7, 37, 19, 1, 3, 0, 912, 1, 42], [14, 0, 19, 9, 4, 19, 10, 1, 895, 3], [16, 7, 2, 8, 17, 20, 1, 5, 4, 929]]"
62,91.61,0.24994468696105976,0.9305420402510443,0.91561445230203,0.9160634032168253,239944991,97.6530612244898,99.64757709251101,96.22093023255815,97.62376237623762,99.59266802443992,97.42152466367713,90.50104384133611,89.2023346303502,79.46611909650923,68.28543111992072,"[[957, 2, 2, 0, 9, 0, 8, 1, 1, 0], [0, 1131, 2, 1, 0, 0, 1, 0, 0, 0], [2, 13, 993, 9, 12, 0, 0, 2, 1, 0], [0, 8, 8, 986, 0, 3, 0, 3, 2, 0], [0, 4, 0, 0, 978, 0, 0, 0, 0, 0], [2, 5, 2, 10, 0, 869, 2, 1, 0, 1], [7, 7, 2, 0, 69, 6, 867, 0, 0, 0], [2, 41, 21, 13, 19, 0, 0, 917, 0, 15], [10, 74, 33, 36, 22, 15, 6, 1, 774, 3], [5, 21, 2, 13, 269, 6, 0, 4, 0, 689]]"
63,95.01,0.16349064399556706,0.952620072496353,0.94998155954682,0.9500021844356523,244954281,99.18367346938776,99.55947136563876,96.60852713178295,98.31683168316832,91.75152749490834,98.31838565022422,95.92901878914405,84.8249027237354,90.24640657084188,95.24281466798811,"[[972, 1, 2, 0, 0, 0, 3, 1, 1, 0], [0, 1130, 2, 1, 0, 0, 2, 0, 0, 0], [8, 6, 997, 11, 1, 0, 2, 1, 4, 2], [0, 0, 3, 993, 0, 6, 0, 2, 4, 2], [1, 6, 2, 1, 901, 0, 10, 0, 2, 59], [3, 0, 0, 7, 0, 877, 3, 1, 0, 1], [12, 5, 4, 0, 4, 12, 919, 0, 2, 0], [4, 16, 23, 31, 1, 2, 0, 872, 0, 79], [14, 12, 16, 27, 3, 14, 3, 0, 879, 6], [11, 10, 1, 12, 5, 5, 0, 3, 1, 961]]"
64,94.14,0.18594373720950974,0.9455432054354738,0.9413435768458618,0.9415687688072951,247458926,99.38775510204081,99.55947136563876,86.14341085271317,92.57425742574257,84.62321792260693,96.97309417040358,96.13778705636743,92.99610894941634,96.71457905544148,96.23389494549059,"[[974, 0, 0, 0, 0, 0, 2, 1, 2, 1], [0, 1130, 1, 0, 0, 0, 3, 0, 1, 0], [22, 45, 889, 8, 1, 0, 4, 16, 41, 6], [4, 4, 2, 935, 0, 11, 0, 13, 33, 8], [5, 13, 0, 0, 831, 0, 16, 1, 4, 112], [11, 2, 0, 1, 0, 865, 3, 2, 7, 1], [24, 5, 1, 0, 3, 1, 921, 0, 3, 0], [6, 13, 9, 7, 1, 0, 0, 956, 0, 36], [16, 4, 0, 1, 1, 1, 1, 2, 942, 6], [12, 8, 0, 1, 2, 2, 0, 5, 8, 971]]"
65,95.57,0.1619186610126267,0.9571317297812948,0.9552760380530565,0.955583461347333,250965429,99.48979591836735,99.47136563876651,92.82945736434108,98.21782178217822,91.24236252545825,95.4035874439462,96.65970772442589,96.20622568093385,95.07186858316223,90.68384539147671,"[[975, 0, 0, 0, 0, 0, 2, 1, 2, 0], [0, 1129, 2, 1, 0, 0, 2, 0, 1, 0], [13, 9, 958, 14, 0, 0, 3, 17, 17, 1], [0, 0, 0, 992, 0, 1, 0, 9, 8, 0], [4, 12, 1, 1, 896, 0, 19, 4, 2, 43], [12, 2, 0, 19, 0, 851, 2, 1, 4, 1], [21, 4, 1, 0, 2, 1, 926, 0, 3, 0], [5, 7, 10, 15, 1, 0, 0, 989, 0, 1], [20, 3, 2, 9, 2, 1, 2, 6, 926, 3], [21, 9, 0, 10, 5, 5, 1, 37, 6, 915]]"
66,84.57,0.40537132727452363,0.895785173916471,0.8448672329121216,0.8378587858724289,253470074,96.22448979591837,98.94273127753304,94.86434108527132,83.86138613861385,100.0,100.0,76.7223382045929,95.8171206225681,63.44969199178645,34.98513379583746,"[[943, 0, 0, 0, 5, 27, 2, 3, 0, 0], [0, 1123, 3, 1, 2, 4, 2, 0, 0, 0], [2, 3, 979, 9, 11, 9, 0, 14, 5, 0], [0, 0, 1, 847, 0, 153, 0, 9, 0, 0], [0, 0, 0, 0, 982, 0, 0, 0, 0, 0], [0, 0, 0, 0, 0, 892, 0, 0, 0, 0], [6, 2, 3, 0, 101, 111, 735, 0, 0, 0], [1, 5, 13, 9, 6, 9, 0, 985, 0, 0], [5, 3, 14, 21, 21, 288, 0, 4, 618, 0], [5, 5, 1, 4, 478, 111, 0, 52, 0, 353]]"
67,95.22,0.1635687976432875,0.9536100500002853,0.9524540200390206,0.9513001254451752,257477506,98.67346938775509,99.11894273127754,93.31395348837209,97.42574257425743,97.9633401221996,98.87892376681614,96.5553235908142,95.91439688715954,96.61190965092402,77.998017839445,"[[967, 0, 1, 0, 0, 0, 6, 2, 4, 0], [0, 1125, 2, 1, 0, 0, 3, 0, 4, 0], [8, 3, 963, 15, 2, 0, 5, 14, 22, 0], [0, 0, 1, 984, 0, 7, 0, 9, 9, 0], [0, 3, 2, 0, 962, 0, 12, 0, 2, 1], [2, 0, 0, 4, 0, 882, 2, 1, 1, 0], [8, 3, 1, 0, 3, 15, 925, 0, 3, 0], [4, 9, 13, 13, 1, 2, 0, 986, 0, 0], [7, 1, 1, 12, 4, 5, 2, 1, 941, 0], [14, 14, 0, 13, 106, 18, 1, 49, 7, 787]]"
68,95.54,0.15548331626414205,0.9569503981390819,0.9555736767406116,0.9547797234760415,262486796,98.46938775510205,99.03083700440529,93.21705426356588,97.92079207920791,98.4725050916497,98.09417040358744,97.28601252609603,96.69260700389106,96.50924024640656,79.8810703666997,"[[965, 0, 1, 0, 0, 0, 8, 2, 4, 0], [0, 1124, 2, 1, 0, 0, 3, 0, 5, 0], [8, 3, 962, 16, 3, 0, 5, 18, 17, 0], [0, 0, 0, 989, 0, 4, 0, 9, 8, 0], [0, 3, 1, 0, 967, 0, 7, 0, 2, 2], [2, 0, 0, 9, 0, 875, 3, 1, 2, 0], [7, 3, 1, 0, 7, 4, 932, 0, 4, 0], [3, 6, 11, 12, 1, 0, 0, 994, 0, 1], [7, 0, 1, 12, 4, 5, 2, 3, 940, 0], [10, 9, 0, 17, 95, 12, 0, 54, 6, 806]]"
69,91.17,0.2644923127318819,0.9228039820413064,0.9112840496577009,0.9084287973349626,264991441,97.44897959183673,99.38325991189427,96.60852713178295,96.33663366336633,98.67617107942974,99.77578475336323,92.58872651356994,91.73151750972762,70.94455852156058,67.78989098116948,"[[955, 0, 1, 0, 0, 15, 6, 2, 1, 0], [0, 1128, 2, 1, 0, 2, 2, 0, 0, 0], [3, 7, 997, 13, 2, 5, 2, 2, 1, 0], [0, 0, 0, 973, 0, 35, 0, 2, 0, 0], [1, 4, 2, 0, 969, 0, 5, 0, 0, 1], [0, 0, 0, 1, 0, 890, 0, 1, 0, 0], [7, 3, 1, 0, 9, 51, 887, 0, 0, 0], [4, 16, 23, 34, 4, 4, 0, 943, 0, 0], [6, 23, 15, 88, 7, 139, 3, 1, 691, 1], [7, 15, 2, 22, 192, 58, 0, 29, 0, 684]]"
70,94.58,0.16595661068579165,0.9500069122576665,0.9460515772724831,0.9462782485727438,269499802,97.85714285714285,97.70925110132158,88.95348837209302,93.66336633663367,93.27902240325867,94.50672645739911,97.80793319415449,87.35408560311284,99.28131416837782,95.63924677898909,"[[959, 0, 1, 0, 0, 0, 8, 1, 10, 1], [0, 1109, 2, 1, 0, 0, 4, 0, 19, 0], [8, 1, 918, 12, 1, 0, 6, 3, 80, 3], [0, 0, 1, 946, 0, 10, 0, 3, 46, 4], [0, 1, 0, 0, 916, 0, 12, 0, 4, 49], [2, 1, 0, 3, 0, 843, 5, 1, 32, 5], [6, 3, 1, 0, 4, 1, 937, 0, 6, 0], [4, 8, 19, 12, 1, 2, 0, 898, 8, 76], [4, 0, 0, 0, 1, 0, 1, 0, 967, 1], [7, 5, 0, 3, 8, 1, 0, 4, 16, 965]]"
71,95.58,0.1526832615230649,0.9570361278552622,0.9559134119369826,0.9556540711582677,274008163,99.38775510204081,99.47136563876651,92.73255813953489,95.74257425742574,97.75967413441956,98.99103139013454,98.22546972860125,95.13618677042801,90.65708418891171,87.80971258671953,"[[974, 1, 0, 0, 0, 0, 4, 1, 0, 0], [0, 1129, 2, 1, 0, 0, 3, 0, 0, 0], [15, 23, 957, 9, 1, 0, 3, 10, 13, 1], [1, 2, 3, 967, 0, 21, 0, 8, 8, 0], [3, 4, 0, 0, 960, 0, 12, 0, 0, 3], [3, 1, 0, 1, 0, 883, 3, 1, 0, 0], [9, 3, 1, 0, 3, 1, 941, 0, 0, 0], [4, 15, 11, 9, 1, 3, 0, 978, 0, 7], [27, 20, 1, 6, 6, 6, 14, 6, 883, 5], [16, 11, 0, 5, 63, 9, 0, 18, 1, 886]]"
72,95.52,0.15862851240895331,0.9579043254563937,0.9552232668214942,0.9548230994297748,279017453,98.77551020408163,99.47136563876651,94.0891472868217,96.53465346534654,99.59266802443992,98.87892376681614,96.24217118997912,98.15175097276264,92.81314168377823,80.67393458870168,"[[968, 1, 0, 0, 2, 0, 5, 3, 1, 0], [0, 1129, 2, 1, 0, 0, 3, 0, 0, 0], [7, 6, 971, 8, 9, 0, 2, 20, 9, 0], [0, 0, 5, 975, 0, 11, 0, 12, 6, 1], [0, 1, 0, 0, 978, 0, 2, 0, 0, 1], [2, 0, 1, 3, 0, 882, 2, 1, 1, 0], [8, 3, 1, 0, 21, 3, 922, 0, 0, 0], [1, 4, 9, 3, 2, 0, 0, 1009, 0, 0], [11, 8, 3, 7, 10, 6, 6, 13, 904, 6], [10, 6, 0, 3, 116, 4, 0, 55, 1, 814]]"
73,96.12,0.1288733997414954,0.9621381587160098,0.9612544286459972,0.9612683845643041,282523956,98.87755102040816,98.94273127753304,94.96124031007753,92.87128712871288,93.78818737270875,97.98206278026906,96.4509394572025,92.50972762645915,97.84394250513347,97.02675916749257,"[[969, 0, 2, 0, 0, 0, 4, 2, 3, 0], [0, 1123, 3, 1, 0, 0, 4, 0, 4, 0], [6, 2, 980, 5, 1, 0, 3, 11, 17, 7], [1, 0, 7, 938, 0, 16, 0, 9, 29, 10], [0, 1, 2, 0, 921, 0, 5, 0, 2, 51], [3, 0, 1, 1, 0, 874, 3, 1, 5, 4], [8, 3, 2, 0, 15, 1, 924, 0, 5, 0], [3, 6, 17, 3, 1, 1, 0, 951, 2, 44], [6, 0, 3, 0, 4, 1, 1, 1, 953, 5], [6, 6, 0, 2, 7, 0, 0, 5, 4, 979]]"
74,93.14,0.19808856509149836,0.944585082386076,0.9316880452660856,0.9327367658946392,286030459,98.67346938775509,99.38325991189427,93.9922480620155,95.54455445544554,82.07739307535643,97.98206278026906,95.61586638830897,72.568093385214,97.5359342915811,98.31516352824579,"[[967, 0, 0, 0, 0, 0, 3, 1, 6, 3], [0, 1128, 2, 1, 0, 0, 1, 0, 2, 1], [6, 5, 970, 11, 1, 0, 1, 4, 24, 10], [0, 0, 4, 965, 0, 9, 0, 2, 14, 16], [1, 1, 2, 0, 806, 0, 6, 0, 2, 164], [3, 0, 1, 2, 0, 874, 3, 1, 2, 6], [8, 5, 2, 0, 13, 7, 916, 0, 7, 0], [2, 12, 13, 10, 0, 2, 0, 746, 1, 242], [5, 0, 3, 3, 2, 2, 0, 1, 950, 8], [3, 6, 0, 3, 1, 0, 0, 1, 3, 992]]"
75,95.62,0.14740003235102556,0.9578829017390786,0.9563215416547403,0.9557862985023873,291039749,98.77551020408163,99.47136563876651,95.15503875968993,95.84158415841584,98.98167006109979,99.10313901345292,97.91231732776617,96.01167315175097,92.71047227926078,82.3587710604559,"[[968, 1, 2, 0, 0, 0, 6, 2, 1, 0], [0, 1129, 2, 1, 0, 0, 3, 0, 0, 0], [8, 8, 982, 8, 3, 0, 3, 10, 10, 0], [0, 0, 6, 968, 0, 18, 0, 9, 8, 1], [0, 2, 1, 0, 972, 0, 6, 0, 0, 1], [3, 0, 0, 1, 0, 884, 3, 1, 0, 0], [7, 3, 1, 0, 7, 2, 938, 0, 0, 0], [3, 6, 15, 7, 4, 1, 0, 987, 0, 5], [18, 9, 5, 5, 6, 6, 11, 6, 903, 5], [11, 6, 0, 3, 134, 6, 0, 17, 1, 831]]"
76,96.5,0.12724094512089848,0.9656347963116616,0.9650457516479722,0.9649678275993816,293544394,98.77551020408163,98.32599118942731,91.86046511627907,98.91089108910892,96.94501018329939,97.42152466367713,95.30271398747391,96.3035019455253,97.74127310061603,93.45887016848364,"[[968, 0, 1, 0, 0, 0, 2, 2, 7, 0], [0, 1116, 2, 4, 0, 0, 3, 1, 9, 0], [7, 2, 948, 21, 1, 0, 2, 14, 35, 2], [0, 0, 0, 999, 0, 0, 0, 5, 6, 0], [0, 0, 2, 1, 952, 0, 6, 1, 3, 17], [2, 0, 0, 17, 0, 869, 1, 1, 2, 0], [9, 3, 3, 1, 9, 12, 913, 0, 8, 0], [3, 1, 11, 18, 1, 1, 0, 990, 0, 3], [5, 0, 1, 10, 2, 1, 0, 1, 952, 2], [7, 6, 0, 13, 12, 2, 0, 19, 7, 943]]"
77,96.54,0.12075113864562001,0.9660017990250613,0.9653881602851518,0.9653000875882984,296049039,98.87755102040816,99.29515418502203,96.51162790697676,98.31683168316832,97.65784114052953,98.4304932735426,97.80793319415449,90.6614785992218,91.9917864476386,95.8374628344896,"[[969, 0, 2, 0, 0, 0, 5, 1, 2, 1], [0, 1127, 3, 2, 0, 0, 3, 0, 0, 0], [8, 2, 996, 10, 1, 0, 3, 5, 6, 1], [0, 0, 3, 993, 0, 4, 0, 2, 2, 6], [0, 1, 2, 0, 959, 0, 6, 0, 0, 14], [3, 0, 1, 5, 0, 878, 3, 1, 0, 1], [7, 3, 2, 0, 6, 3, 937, 0, 0, 0], [4, 6, 20, 16, 1, 1, 0, 932, 0, 48], [16, 1, 12, 19, 4, 7, 9, 1, 896, 9], [9, 6, 0, 5, 16, 2, 0, 4, 0, 967]]"
78,96.08,0.13153413364503044,0.9623497087474464,0.9609266985615067,0.9608342413938005,299555542,97.55102040816327,99.11894273127754,86.62790697674419,97.62376237623762,93.68635437881873,97.42152466367713,97.7035490605428,96.59533073929961,98.56262833675564,96.03567888999008,"[[956, 0, 0, 0, 0, 0, 9, 3, 12, 0], [0, 1125, 1, 2, 0, 0, 3, 0, 4, 0], [5, 12, 894, 17, 1, 0, 4, 26, 67, 6], [0, 0, 0, 986, 0, 1, 0, 9, 12, 2], [0, 3, 0, 0, 920, 0, 9, 0, 3, 47], [2, 0, 0, 7, 0, 869, 3, 1, 7, 3], [6, 3, 1, 0, 5, 1, 936, 0, 6, 0], [2, 6, 4, 11, 1, 0, 0, 993, 1, 10], [3, 0, 0, 2, 2, 1, 1, 1, 960, 4], [6, 7, 0, 5, 3, 1, 0, 11, 7, 969]]"
79,94.95,0.1630417149835311,0.9523694463197083,0.9499049889122168,0.9490643789102202,302060187,98.9795918367347,99.73568281938327,83.72093023255815,95.44554455445544,98.4725050916497,98.99103139013454,95.51148225469728,98.15175097276264,97.84394250513347,83.05252725470763,"[[970, 0, 0, 0, 0, 0, 3, 3, 4, 0], [0, 1132, 1, 1, 0, 0, 1, 0, 0, 0], [13, 24, 864, 13, 2, 0, 3, 33, 80, 0], [1, 0, 0, 964, 0, 16, 0, 10, 18, 1], [2, 3, 0, 0, 967, 0, 6, 1, 2, 1], [3, 0, 0, 1, 0, 883, 2, 1, 2, 0], [16, 5, 1, 0, 7, 8, 915, 0, 6, 0], [3, 6, 4, 3, 1, 0, 0, 1009, 2, 0], [7, 2, 0, 1, 3, 2, 1, 4, 953, 1], [11, 12, 0, 6, 54, 8, 0, 70, 10, 838]]"
80,95.94,0.13495843085987022,0.9603650614919765,0.9593301187714129,0.9588618909074096,305566690,99.28571428571429,99.55947136563876,94.76744186046511,95.34653465346534,98.98167006109979,99.32735426008968,92.17118997912317,97.37354085603113,95.99589322381931,86.5213082259663,"[[973, 0, 1, 0, 0, 1, 0, 3, 2, 0], [0, 1130, 2, 1, 0, 1, 1, 0, 0, 0], [8, 5, 978, 6, 3, 0, 0, 18, 14, 0], [1, 0, 4, 963, 0, 24, 0, 10, 8, 0], [1, 3, 1, 0, 972, 0, 3, 0, 0, 2], [2, 0, 0, 1, 0, 886, 1, 1, 1, 0], [18, 4, 3, 0, 19, 28, 883, 0, 3, 0], [3, 6, 11, 5, 1, 1, 0, 1001, 0, 0], [9, 3, 3, 2, 4, 6, 1, 9, 935, 2], [10, 6, 0, 7, 57, 9, 0, 40, 7, 873]]"
81,93.38,0.20180325799237805,0.942223138225301,0.933357656928451,0.9324381342704695,309073193,99.38775510204081,99.03083700440529,94.18604651162791,99.10891089108911,100.0,97.42152466367713,85.59498956158664,97.37354085603113,91.58110882956879,69.67294350842418,"[[974, 0, 0, 0, 0, 0, 1, 3, 2, 0], [0, 1124, 3, 2, 3, 1, 1, 1, 0, 0], [8, 3, 972, 12, 7, 0, 0, 21, 9, 0], [0, 0, 0, 1001, 0, 0, 0, 7, 2, 0], [0, 0, 0, 0, 982, 0, 0, 0, 0, 0], [3, 0, 0, 18, 0, 869, 1, 1, 0, 0], [22, 4, 4, 1, 77, 28, 820, 0, 2, 0], [3, 3, 8, 11, 2, 0, 0, 1001, 0, 0], [12, 1, 4, 41, 9, 7, 0, 6, 892, 2], [11, 5, 0, 25, 211, 6, 0, 48, 0, 703]]"
82,95.59,0.14993211100645626,0.9582335113785323,0.956304179097271,0.9557122517581753,314082483,99.28571428571429,98.41409691629957,82.26744186046511,96.93069306930693,97.45417515274949,98.4304932735426,93.31941544885177,97.37354085603113,98.97330595482546,93.85530227948465,"[[973, 0, 0, 0, 0, 0, 0, 2, 5, 0], [0, 1117, 1, 2, 0, 1, 3, 0, 11, 0], [13, 3, 849, 17, 2, 1, 2, 36, 106, 3], [0, 0, 0, 979, 0, 3, 0, 9, 18, 1], [1, 0, 0, 0, 957, 0, 3, 1, 4, 16], [3, 0, 0, 4, 0, 878, 2, 1, 4, 0], [22, 3, 1, 0, 18, 11, 894, 0, 9, 0], [3, 3, 3, 6, 1, 0, 0, 1001, 3, 8], [6, 0, 0, 0, 1, 1, 0, 1, 964, 1], [8, 6, 0, 6, 10, 4, 0, 15, 13, 947]]"
83,94.83,0.16728377928392005,0.9503503978011562,0.94865592501299,0.9468658408276814,318590844,98.87755102040816,99.11894273127754,91.86046511627907,96.73267326732673,98.4725050916497,99.43946188340807,97.28601252609603,97.568093385214,94.96919917864476,74.33102081268584,"[[969, 0, 0, 0, 0, 0, 7, 2, 2, 0], [0, 1125, 1, 3, 0, 2, 3, 0, 1, 0], [11, 4, 948, 15, 2, 1, 4, 21, 26, 0], [0, 0, 0, 977, 0, 19, 0, 9, 5, 0], [0, 1, 0, 0, 967, 0, 13, 0, 0, 1], [1, 0, 0, 1, 0, 887, 2, 1, 0, 0], [10, 3, 1, 0, 3, 9, 932, 0, 0, 0], [3, 2, 9, 7, 1, 3, 0, 1003, 0, 0], [10, 0, 1, 5, 4, 14, 9, 5, 925, 1], [12, 6, 0, 12, 133, 31, 1, 62, 2, 750]]"
84,97.07,0.1121003483436978,0.9712545515663825,0.9706648642141398,0.9707312711444004,323600134,99.08163265306122,99.64757709251101,93.21705426356588,98.51485148514851,97.65784114052953,97.75784753363229,97.07724425887265,96.20622568093385,97.94661190965093,93.55797819623389,"[[971, 0, 0, 0, 0, 0, 4, 2, 3, 0], [0, 1131, 2, 1, 0, 0, 1, 0, 0, 0], [8, 6, 962, 14, 1, 0, 2, 16, 22, 1], [0, 0, 0, 995, 0, 1, 0, 6, 8, 0], [1, 4, 2, 0, 959, 0, 7, 0, 1, 8], [2, 0, 0, 12, 0, 872, 3, 1, 2, 0], [10, 5, 2, 0, 4, 1, 930, 0, 6, 0], [3, 8, 10, 10, 1, 0, 0, 989, 0, 7], [5, 0, 1, 7, 2, 1, 1, 1, 954, 2], [7, 9, 0, 15, 16, 2, 0, 9, 7, 944]]"
85,96.09,0.12947918550548748,0.9625889327802314,0.961059030381288,0.9606880797929562,327106637,98.67346938775509,99.38325991189427,95.54263565891473,96.83168316831683,99.4908350305499,98.99103139013454,97.59916492693111,95.62256809338521,95.27720739219713,83.64717542120911,"[[967, 0, 1, 0, 2, 0, 6, 2, 2, 0], [0, 1128, 2, 1, 0, 0, 4, 0, 0, 0], [7, 5, 986, 6, 4, 0, 2, 14, 8, 0], [0, 0, 5, 978, 0, 9, 0, 8, 9, 1], [0, 1, 0, 0, 977, 0, 4, 0, 0, 0], [3, 0, 0, 2, 0, 883, 3, 1, 0, 0], [7, 3, 1, 0, 11, 1, 935, 0, 0, 0], [3, 6, 15, 6, 8, 0, 0, 983, 0, 7], [7, 2, 5, 3, 6, 5, 8, 5, 928, 5], [10, 6, 0, 4, 127, 4, 0, 11, 3, 844]]"
86,96.73,0.11990067684731354,0.9675027910487428,0.967327458889136,0.9670570444873035,330112211,99.18367346938776,98.94273127753304,98.35271317829456,95.64356435643563,98.06517311608961,99.10313901345292,96.65970772442589,95.13618677042801,94.76386036960986,91.47670961347869,"[[972, 0, 3, 0, 0, 0, 3, 1, 1, 0], [0, 1123, 4, 1, 0, 1, 4, 0, 2, 0], [5, 2, 1015, 4, 0, 0, 1, 3, 2, 0], [0, 0, 12, 966, 0, 18, 0, 7, 7, 0], [2, 1, 2, 0, 963, 0, 10, 0, 0, 4], [3, 0, 1, 1, 0, 884, 2, 1, 0, 0], [14, 3, 4, 0, 2, 8, 926, 0, 1, 0], [4, 5, 26, 8, 1, 3, 0, 978, 0, 3], [12, 0, 18, 2, 4, 7, 3, 2, 923, 3], [13, 6, 1, 7, 22, 13, 1, 16, 7, 923]]"
87,96.46,0.12789900128702864,0.9651538915609452,0.9645223108742776,0.9642392837362237,333618714,99.38775510204081,99.64757709251101,95.34883720930233,97.22772277227722,99.69450101832994,99.43946188340807,92.37995824634656,94.8443579766537,95.17453798767967,91.37760158572844,"[[974, 0, 1, 0, 0, 0, 1, 2, 2, 0], [0, 1131, 2, 1, 0, 0, 1, 0, 0, 0], [8, 5, 984, 8, 6, 1, 0, 10, 8, 2], [0, 0, 1, 982, 0, 16, 0, 3, 4, 4], [0, 1, 0, 0, 979, 0, 0, 0, 0, 2], [2, 0, 0, 1, 0, 887, 1, 1, 0, 0], [16, 3, 3, 0, 30, 19, 885, 0, 2, 0], [3, 7, 12, 9, 2, 0, 0, 975, 0, 20], [12, 2, 3, 6, 6, 11, 0, 1, 927, 6], [7, 7, 0, 5, 54, 9, 0, 5, 0, 922]]"
88,94.66,0.16674963669619336,0.9522402790402614,0.9462357145510939,0.9471316153909244,336123359,99.08163265306122,99.55947136563876,90.01937984496125,98.8118811881188,88.90020366598777,93.83408071748879,95.4070981210856,85.99221789883269,96.61190965092402,98.01783944499505,"[[971, 0, 0, 0, 0, 0, 2, 2, 3, 2], [0, 1130, 1, 2, 0, 0, 0, 0, 2, 0], [6, 11, 929, 39, 1, 0, 0, 13, 24, 9], [0, 0, 0, 998, 0, 0, 0, 1, 4, 7], [0, 1, 0, 0, 873, 0, 5, 0, 2, 101], [3, 1, 0, 33, 0, 837, 1, 1, 3, 13], [17, 5, 2, 1, 10, 1, 914, 0, 8, 0], [3, 7, 4, 29, 1, 0, 0, 884, 0, 100], [5, 0, 2, 14, 2, 1, 0, 1, 941, 8], [3, 7, 0, 5, 2, 0, 0, 2, 1, 989]]"
89,96.41,0.1293148659169674,0.964737861527747,0.9641428015689106,0.9637998854634752,339128933,99.18367346938776,99.73568281938327,95.25193798449612,96.83168316831683,98.98167006109979,99.55156950672645,93.63256784968684,94.74708171206225,97.22792607802874,88.9990089197225,"[[972, 0, 1, 0, 0, 0, 3, 1, 3, 0], [0, 1132, 2, 1, 0, 0, 0, 0, 0, 0], [8, 8, 983, 7, 2, 0, 1, 4, 18, 1], [0, 0, 1, 978, 0, 17, 0, 3, 11, 0], [0, 4, 1, 0, 972, 0, 3, 0, 1, 1], [1, 0, 0, 1, 0, 888, 1, 1, 0, 0], [13, 5, 2, 0, 17, 20, 897, 0, 4, 0], [3, 14, 16, 14, 1, 1, 0, 974, 2, 3], [5, 4, 3, 3, 3, 6, 1, 1, 947, 1], [9, 17, 0, 6, 44, 15, 0, 10, 10, 898]]"
90,96.35,0.12562579904108667,0.9651809871183593,0.9632758933712241,0.9636928525185512,343136365,99.28571428571429,99.82378854625551,92.15116279069767,99.3069306930693,97.14867617107943,97.75784753363229,94.88517745302714,94.3579766536965,93.01848049281314,95.54013875123884,"[[973, 1, 1, 0, 0, 0, 2, 2, 1, 0], [0, 1133, 1, 1, 0, 0, 0, 0, 0, 0], [9, 26, 951, 18, 2, 0, 1, 12, 9, 4], [0, 0, 0, 1003, 0, 0, 0, 3, 2, 2], [1, 8, 0, 0, 954, 0, 5, 0, 0, 14], [3, 0, 0, 14, 0, 872, 1, 1, 0, 1], [15, 6, 1, 0, 16, 8, 909, 0, 3, 0], [3, 13, 8, 18, 1, 0, 0, 970, 0, 15], [11, 15, 1, 23, 3, 6, 2, 1, 906, 6], [8, 11, 0, 10, 8, 2, 0, 6, 0, 964]]"
91,96.65,0.1214657378302643,0.9670627141378656,0.966738038115199,0.9663920070304288,346141939,98.87755102040816,98.94273127753304,91.56976744186046,95.34653465346534,99.08350305498982,98.76681614349776,97.39039665970772,98.34630350194551,97.43326488706366,90.98116947472745,"[[969, 0, 0, 0, 0, 0, 7, 2, 2, 0], [0, 1123, 2, 1, 0, 1, 4, 1, 3, 0], [11, 4, 945, 6, 3, 0, 5, 22, 35, 1], [3, 0, 1, 963, 0, 10, 0, 11, 19, 3], [0, 0, 0, 0, 973, 0, 6, 0, 0, 3], [3, 0, 0, 2, 0, 881, 3, 1, 2, 0], [7, 3, 1, 0, 10, 1, 933, 0, 3, 0], [2, 3, 9, 1, 1, 0, 0, 1011, 0, 1], [7, 0, 0, 0, 4, 1, 3, 7, 949, 3], [9, 6, 0, 4, 45, 2, 0, 19, 6, 918]]"
92,95.99,0.14041408927986226,0.9615366074587041,0.9600107433946065,0.9596528759281959,349147513,99.48979591836735,98.76651982378854,92.53875968992247,98.41584158415841,98.77800407331976,98.09417040358744,95.92901878914405,97.66536964980544,95.89322381930184,84.4400396432111,"[[975, 0, 0, 0, 0, 0, 1, 2, 2, 0], [1, 1121, 1, 2, 0, 1, 3, 2, 4, 0], [13, 3, 955, 14, 2, 0, 2, 20, 23, 0], [1, 0, 0, 994, 0, 1, 0, 9, 5, 0], [3, 0, 0, 1, 970, 0, 7, 0, 0, 1], [5, 0, 0, 9, 0, 875, 2, 1, 0, 0], [24, 3, 2, 0, 6, 2, 919, 0, 2, 0], [3, 3, 7, 10, 1, 0, 0, 1004, 0, 0], [15, 0, 0, 6, 4, 2, 2, 9, 934, 2], [17, 5, 0, 16, 58, 3, 0, 54, 4, 852]]"
93,95.43,0.14880353432839005,0.9561341232878388,0.9547122757353279,0.9541583625444645,353154945,99.18367346938776,99.03083700440529,83.33333333333334,98.21782178217822,99.59266802443992,97.75784753363229,94.46764091858037,91.05058365758755,97.3305954825462,94.74727452923688,"[[972, 0, 0, 0, 1, 0, 2, 2, 3, 0], [0, 1124, 1, 2, 1, 0, 2, 0, 5, 0], [10, 24, 860, 30, 12, 1, 1, 15, 75, 4], [0, 0, 0, 992, 0, 2, 0, 3, 8, 5], [0, 0, 0, 0, 978, 0, 0, 0, 0, 4], [3, 0, 0, 10, 0, 872, 3, 1, 1, 2], [12, 3, 1, 0, 29, 2, 905, 0, 6, 0], [3, 7, 3, 16, 4, 0, 0, 936, 3, 56], [5, 1, 0, 4, 6, 3, 0, 1, 948, 6], [6, 6, 0, 4, 30, 2, 0, 2, 3, 956]]"
94,94.68,0.16410259477579936,0.9521604052932631,0.9475505712686705,0.9468500053686938,357162377,98.06122448979592,99.03083700440529,75.67829457364341,93.26732673267327,98.67617107942974,97.75784753363229,97.80793319415449,95.3307392996109,99.07597535934292,92.86422200198216,"[[961, 0, 0, 0, 0, 0, 7, 2, 10, 0], [0, 1124, 0, 1, 0, 0, 4, 0, 6, 0], [6, 20, 781, 12, 7, 0, 9, 20, 175, 2], [2, 0, 0, 942, 0, 10, 0, 6, 45, 5], [0, 1, 0, 0, 969, 0, 6, 0, 3, 3], [2, 0, 0, 1, 0, 872, 5, 1, 11, 0], [5, 3, 1, 0, 5, 1, 937, 0, 6, 0], [3, 6, 7, 7, 2, 0, 0, 980, 7, 16], [3, 0, 0, 0, 2, 0, 2, 1, 965, 1], [6, 6, 0, 3, 33, 3, 0, 6, 15, 937]]"
95,95.7,0.1459911248227135,0.9578707596805602,0.9572889707873984,0.9563623067847095,360167951,95.10204081632652,99.03083700440529,91.95736434108527,92.67326732673268,98.67617107942974,99.32735426008968,99.16492693110646,98.83268482490273,96.20123203285421,86.32309217046581,"[[932, 0, 0, 0, 1, 5, 34, 3, 5, 0], [0, 1124, 1, 1, 0, 1, 4, 2, 2, 0], [6, 3, 949, 6, 3, 0, 9, 32, 24, 0], [0, 0, 3, 936, 0, 50, 0, 10, 11, 0], [0, 1, 0, 0, 969, 0, 10, 0, 0, 2], [0, 0, 0, 1, 0, 886, 4, 1, 0, 0], [1, 1, 1, 0, 1, 4, 950, 0, 0, 0], [1, 2, 5, 1, 1, 1, 0, 1016, 0, 1], [3, 0, 2, 1, 4, 9, 12, 5, 937, 1], [6, 5, 0, 3, 65, 20, 2, 33, 4, 871]]"
96,94.19,0.17602244682443408,0.9484160167073366,0.9422735943004301,0.9418684872286122,365177241,97.34693877551021,99.11894273127754,74.51550387596899,96.23762376237623,90.4276985743381,95.85201793721974,97.80793319415449,94.3579766536965,99.38398357289527,97.22497522299307,"[[954, 0, 0, 0, 0, 0, 8, 3, 14, 1], [0, 1125, 0, 1, 0, 0, 2, 0, 7, 0], [1, 22, 769, 21, 2, 2, 4, 41, 162, 8], [0, 0, 0, 972, 0, 1, 0, 5, 23, 9], [0, 1, 0, 0, 888, 0, 7, 0, 9, 77], [2, 0, 0, 8, 0, 855, 3, 1, 18, 5], [4, 3, 1, 0, 2, 1, 937, 0, 10, 0], [1, 5, 2, 9, 0, 0, 0, 970, 5, 36], [2, 0, 0, 0, 1, 1, 0, 1, 968, 1], [3, 6, 0, 3, 2, 0, 0, 4, 10, 981]]"
97,95.05,0.16165304714486525,0.9521997965298015,0.9502055778796341,0.9492206583089805,368683744,96.12244897959184,99.03083700440529,97.86821705426357,97.12871287128712,98.4725050916497,99.55156950672645,96.97286012526096,94.8443579766537,81.3141683778234,88.89990089197225,"[[942, 0, 5, 0, 0, 12, 18, 2, 1, 0], [0, 1124, 3, 2, 0, 2, 4, 0, 0, 0], [0, 3, 1010, 8, 2, 0, 2, 6, 1, 0], [0, 0, 4, 981, 0, 21, 0, 3, 1, 0], [0, 1, 1, 0, 967, 0, 11, 0, 0, 2], [0, 0, 0, 1, 0, 888, 2, 1, 0, 0], [1, 2, 3, 0, 1, 22, 929, 0, 0, 0], [2, 3, 18, 16, 1, 5, 0, 975, 0, 8], [5, 2, 39, 31, 4, 76, 18, 2, 792, 5], [6, 5, 2, 11, 48, 27, 1, 12, 0, 897]]"
98,95.72,0.1323288623898174,0.9592579733680576,0.9571646974712336,0.9571940919284163,373192105,99.08163265306122,99.55947136563876,93.4108527131783,99.3069306930693,98.87983706720978,96.74887892376681,96.24217118997912,85.7976653696498,92.29979466119097,95.8374628344896,"[[971, 0, 0, 0, 1, 0, 4, 1, 2, 1], [0, 1130, 1, 2, 0, 0, 2, 0, 0, 0], [7, 8, 964, 21, 7, 1, 1, 10, 10, 3], [0, 0, 0, 1003, 0, 0, 0, 1, 2, 4], [0, 1, 0, 0, 971, 0, 1, 0, 0, 9], [2, 0, 1, 20, 0, 863, 3, 1, 0, 2], [7, 3, 1, 0, 16, 8, 922, 0, 1, 0], [3, 9, 12, 20, 2, 0, 0, 882, 0, 100], [7, 6, 4, 34, 6, 7, 2, 1, 899, 8], [5, 7, 0, 13, 12, 3, 0, 2, 0, 967]]"
99,92.8,0.21768772378920936,0.936075337296675,0.9276313471776861,0.9258897040026118,375696750,99.59183673469387,99.91189427312776,93.21705426356588,97.72277227722772,99.69450101832994,99.10313901345292,94.1544885177453,98.15175097276264,77.1047227926078,68.97918731417245,"[[976, 2, 0, 0, 0, 0, 1, 1, 0, 0], [0, 1134, 1, 0, 0, 0, 0, 0, 0, 0], [8, 27, 962, 6, 5, 0, 1, 23, 0, 0], [0, 1, 1, 987, 0, 9, 0, 10, 2, 0], [0, 3, 0, 0, 979, 0, 0, 0, 0, 0], [2, 0, 0, 3, 0, 884, 2, 1, 0, 0], [16, 7, 2, 0, 17, 14, 902, 0, 0, 0], [2, 8, 7, 1, 1, 0, 0, 1009, 0, 0], [30, 78, 24, 19, 15, 25, 9, 22, 751, 1], [11, 11, 1, 13, 155, 12, 0, 110, 0, 696]]"
100,94.41,0.18433555704764665,0.9493569203400855,0.9446001070334328,0.944394967642636,378702324,96.53061224489797,96.38766519823788,95.25193798449612,85.74257425742574,95.62118126272912,96.97309417040358,98.74739039665971,95.71984435797665,99.38398357289527,84.24182358771061,"[[946, 0, 1, 0, 0, 0, 18, 1, 14, 0], [0, 1094, 4, 0, 0, 1, 8, 0, 28, 0], [1, 0, 983, 2, 0, 0, 3, 2, 41, 0], [1, 0, 20, 866, 0, 30, 0, 10, 83, 0], [0, 1, 1, 0, 939, 0, 30, 0, 10, 1], [2, 0, 1, 1, 0, 865, 5, 1, 17, 0], [2, 1, 1, 0, 1, 1, 946, 0, 6, 0], [3, 4, 25, 1, 0, 0, 0, 984, 10, 1], [1, 0, 1, 0, 1, 1, 2, 0, 968, 0], [9, 6, 0, 2, 31, 10, 2, 31, 68, 850]]"
